NodeIdentifier, Zone, PickupType, PickupDetails, UberGroupName, UberGroup, UberIdName, UberId, UberStateValue, X, Y, MapX, MapY
MarshSpawn.RockHC, Inkwater Marsh, Resource, Life, swampStateGroup, 21786, healthContainerA, 60210, , -958.6, -4313.2, -958.6199, -4312.245
MarshSpawn.FirstPickupEX, Inkwater Marsh, SpiritLight, 50, swampStateGroup, 21786, smallExpA, 49485, , -764.1, -4313.4, -764.07, -4313.3604
MarshSpawn.GrappleHC, Inkwater Marsh, Resource, Life, swampStateGroup, 21786, healthContainerA, 25761, , -718.5, -4277.9, -718.4848, -4276.8516
MarshSpawn.BridgeEX, Inkwater Marsh, SpiritLight, 50, swampStateGroup, 21786, xpOrbA, 6987, , -739.6, -4324.3, -739.64703, -4324.341
MarshSpawn.ResilienceShard, Inkwater Marsh, Shard, Resilience, pickupsGroup, 23987, barrierShardPickup, 59173, , -791.0, -4334.0, -791.0159, -4333.0396
MarshSpawn.ResilienceOre, Inkwater Marsh, Resource, Ore, swampStateGroup, 21786, gorlekOreA, 29892, , -810.9, -4334.6, -810.91595, -4334.57
MarshSpawn.BashEC, Inkwater Marsh, Resource, Energy, swampStateGroup, 21786, halfEnergyCellA, 7152, , -667.8, -4329.7, -667.8059, -4328.67
MarshSpawn.PreLupoEX, Inkwater Marsh, SpiritLight, 50, inkwaterMarshStateGroup, 9593, xpOrbA, 5929, , -656.8, -4342.1, -656.7713, -4342.064
MarshSpawn.LupoMap, Inkwater Marsh, Shop, LupoZoneMap, npcsStateGroup, 48248, hasMapInkwaterMarsh, 18767, , -589, -4348, -589, -4348
MarshSpawn.RegenTree, Inkwater Marsh, Ability, Regenerate, trees, 0, Regenerate, 77, , -539, -4406, -540.16003, -4400.4663
MarshSpawn.LeverEC, Inkwater Marsh, Resource, Energy, swampStateGroup, 21786, energyHalfCell, 17920, , -625.9, -4418.0, -625.87, -4417.03
MarshSpawn.LeftTokkEX, Inkwater Marsh, SpiritLight, 50, swampStateGroup, 21786, expOrb, 59513, , -755.8, -4422.9, -755.80414, -4422.9463
MarshSpawn.FightRoomEX, Inkwater Marsh, SpiritLight, 50, inkwaterMarshStateGroup, 9593, xpOrb, 42047, , -783.3, -4452.0, -783.30786, -4451.996
MarshSpawn.CaveKS, Inkwater Marsh, Resource, Keystone, swampStateGroup, 21786, swampWalljumpChallengeBKeystoneBCollected, 64677, , -851.8, -4403.2, -851.8496, -4403.1885
MarshSpawn.TokkKeystoneQuest, Inkwater Marsh, Quest, Keystone, npcsStateGroup, 48248, marshKeystoneQuest, 51645, 3, -695, -4417, -692, -4415.9
MarshSpawn.CaveOre, Inkwater Marsh, Resource, Ore, inkwaterMarshStateGroup, 9593, gorlekOreA, 23858, , -858.0, -4422.2, -858.04, -4422.17
MarshSpawn.LongSwimEX, Inkwater Marsh, SpiritLight, 100, swampStateGroup, 21786, mediumExpA, 23154, , -837.5, -4314.6, -837.45593, -4314.53
MarshSpawn.BurrowOre, Inkwater Marsh, Resource, Ore, inkwaterMarshStateGroup, 9593, gorlekOreA, 20382, , -935.1, -4356.8, -935.05, -4356.8
MarshSpawn.LifepactShard, Inkwater Marsh, Shard, LifePact, pickupsGroup, 23987, bloodPactShardPickup, 50415, , -916.7, -4398.3, -916.65, -4397.33
MarshSpawn.BurrowsApproachLedgeEX, Inkwater Marsh, SpiritLight, 50, howlsOriginGroup, 24922, smallExpA, 32076, , -1002.0, -4450.8, -1002.0159, -4450.79
MarshSpawn.CrusherSwimEX, Inkwater Marsh, SpiritLight, 200, howlsOriginGroup, 24922, largeExpA, 62138, , -979.7, -4509.3, -979.67, -4509.34
MarshSpawn.TokkTabletQuest, Inkwater Marsh, Quest, SL1000, npcsStateGroup, 48248, inkwaterWellQuest, 18458, 4, -932, -4494, -928.5, -4491.8
MarshSpawn.RecklessShard, Inkwater Marsh, Shard, Reckless, pickupsGroup, 23987, recklessShardPickup, 9864, , -499.2, -4411.0, -499.24, -4409.98
MarshSpawn.MokkEX, Inkwater Marsh, SpiritLight, 50, swampStateGroup, 21786, xpOrbB, 43668, , -434.3, -4419.8, -434.31998, -4419.7603
MarshSpawn.FangEC, Inkwater Marsh, Resource, Energy, swampStateGroup, 21786, halfEnergyCellA, 61706, , -233.4, -4384.4, -233.37244, -4383.35
MarshSpawn.FangQI, Inkwater Marsh, Quest, Fang, questUberStateGroup, 14019, braveMokiItemCollected, 27539, , -221.9, -4406.5, -221.93663, -4406.473
MarshSpawn.MokkFangQuest, Inkwater Marsh, Quest, Ore, questUberStateGroup, 14019, braveMokiQuest, 15983, 3, -391, -4414, -388.5, -4412.6
MarshSpawn.DamageTree, Inkwater Marsh, Ability, AncestralLight, trees, 0, AncestralLight, 121, , -840, -4488, -840.43994, -4484.155
MarshSpawn.PoolsPathEX, Inkwater Marsh, SpiritLight, 200, swampStateGroup, 21786, largeExpA, 21727, , -1014.5, -4268.0, -1014.5, -4268
MidnightBurrows.LeftKS, Midnight Burrows, Resource, Keystone, howlsOriginGroup, 24922, keystoneA, 60358, , -799.5, -4579.5, -799.54, -4579.5
MidnightBurrows.RightKS, Midnight Burrows, Resource, Keystone, howlsOriginGroup, 24922, keystoneA, 47244, , -597.4, -4548.3, -597.37006, -4548.3047
MidnightBurrows.UpperKS, Midnight Burrows, Resource, Keystone, howlsOriginGroup, 24922, keystoneA, 34250, , -725.2, -4520.3, -725.24506, -4520.34
MidnightBurrows.LowerKS, Midnight Burrows, Resource, Keystone, howlsOriginGroup, 24922, keystoneB, 33535, , -703.8, -4607.2, -703.79, -4607.195
MidnightBurrows.LupoMap, Midnight Burrows, Shop, LupoZoneMap, npcsStateGroup, 48248, hasMapHowlsOrigin, 45538, , -870, -4555, -870, -4555
MidnightBurrows.DeflectorShard, Midnight Burrows, Shard, Deflector, howlsOriginGroup, 24922, spiritShard, 46311, , -773.6, -4527.5, -773.63, -4526.525
MidnightBurrows.TabletQI, Midnight Burrows, Quest, Tablet, questUberStateGroup, 14019, howlsOriginTreasureCollected, 52747, , -848.7, -4529.1, -848.74, -4529.09
HowlsDen.RightHC, Inkwater Marsh, Resource, Life, swampStateGroup, 21786, halfHealthCellA, 28908, , -332.3, -4438.6, -332.26, -4437.58
HowlsDen.LeftHC, Inkwater Marsh, Resource, Life, inkwaterMarshStateGroup, 9593, healthContainer, 61304, , -569.7, -4454.1, -569.7299, -4453.08
HowlsDen.AboveDoorKS, Inkwater Marsh, Resource, Keystone, swampStateGroup, 21786, keyStone, 22068, , -439.5, -4461.4, -439.52002, -4461.38
HowlsDen.MagnetShard, Inkwater Marsh, Shard, Magnet, swampStateGroup, 21786, spiritShardA, 63545, , -239.2, -4440.4, -239.20001, -4439.38
HowlsDen.SwordTree, Inkwater Marsh, Ability, SpiritEdge, trees, 0, SpiritEdge, 100, , -296, -4483, -296, -4478
HowlsDen.BoneOre, Inkwater Marsh, Resource, Ore, swampStateGroup, 21786, gorlekOreA, 2046, , -432.6, -4503.3, -432.58002, -4503.26
HowlsDen.AboveTPEX, Inkwater Marsh, SpiritLight, 50, swampStateGroup, 21786, xpOrbC, 16206, , -388.6, -4502.7, -388.58002, -4502.74
HowlsDen.LaserKS, Inkwater Marsh, Resource, Keystone, swampStateGroup, 21786, laserPuzzleSolved, 2852, , -399.9, -4567.2, -399.94, -4567.21
HowlsDen.CombatShrine, Inkwater Marsh, Resource, ShardSlot, howlsOriginGroup, 24922, shrineArena, 13993, , -328.1, -4565.5, -328.07, -4564.52
HowlsDen.DoubleJumpEX, Inkwater Marsh, SpiritLight, 50, inkwaterMarshStateGroup, 9593, expOrb, 17818, , -507.9, -4536.6, -507.89798, -4536.5684
HowlsDen.StickyShard, Inkwater Marsh, Shard, Sticky, pickupsGroup, 23987, glueShardPickup, 27134, , -547.8, -4529.3, -547.82, -4528.2896
HowlsDen.DoubleJumpTree, Inkwater Marsh, Ability, DoubleJump, trees, 0, DoubleJump, 5, , -555, -4551, -555.25, -4546.7656
MarshPastOpher.TrialLeftEX, Inkwater Marsh, SpiritLight, 100, inkwaterMarshStateGroup, 9593, expOrbA, 5253, , -527.9, -4354.1, -527.93005, -4354.1196
MarshPastOpher.TrialOre, Inkwater Marsh, Resource, Ore, inkwaterMarshStateGroup, 9593, gorlekOreA, 25989, , -501.5, -4340.0, -501.49002, -4340.0293
MarshPastOpher.TrialEC, Inkwater Marsh, Resource, Energy, inkwaterMarshStateGroup, 9593, halfEnergyCellA, 27562, , -473.8, -4339.6, -473.83002, -4338.5796
MarshPastOpher.TrialHC, Inkwater Marsh, Resource, Life, swampStateGroup, 21786, lifeCellA, 20194, , -437.7, -4380.8, -437.67, -4379.8403
MarshPastOpher.TrialRightEX, Inkwater Marsh, SpiritLight, 100, swampStateGroup, 21786, largeExpA, 10413, , -344.1, -4356.9, -344.07, -4356.92
MarshPastOpher.SpiritTrial, Inkwater Marsh, SpiritLight, 1000, raceGroup, 44964, inkwaterMarshRace, 45951, 2, -614, -4319, -423.68, -4306.3604
MarshPastOpher.CombatShrine, Inkwater Marsh, Resource, ShardSlot, swampStateGroup, 21786, enemyRoom, 18109, , -382.6, -4338.3, -382.63397, -4337.3223
MarshPastOpher.SwingPoleEX, Inkwater Marsh, SpiritLight, 50, inkwaterMarshStateGroup, 9593, expOrb, 59344, , -492.7, -4261.3, -492.66, -4261.27
MarshPastOpher.LeftEyestone, Inkwater Marsh, Resource, Eyestone, swampStateGroup, 21786, keyStoneA, 27433, , -461.3, -4195.3, -461.27002, -4195.29
MarshPastOpher.RightEyestone, Inkwater Marsh, Resource, Eyestone, swampStateGroup, 21786, keyStoneB, 37225, , -394.0, -4188.3, -393.96918, -4188.325
MarshPastOpher.BowEC, Inkwater Marsh, Resource, Energy, swampStateGroup, 21786, energyHalfCellA, 10295, , -421.5, -4272.4, -421.49, -4271.3896
MarshPastOpher.BowTree, Inkwater Marsh, Ability, SpiritArc, trees, 0, SpiritArc, 97, , -457, -4267, -457.04626, -4261.291
MarshPastOpher.CeilingEX, Inkwater Marsh, SpiritLight, 100, swampStateGroup, 21786, mediumExpA, 50255, , -641.3, -4223.0, -641.2577, -4223.0117
MarshPastOpher.PoolsPathEC, Inkwater Marsh, Resource, Energy, inkwaterMarshStateGroup, 9593, energyContainer, 26457, , -662.8, -4186.5, -662.76996, -4185.5103
MarshPastOpher.PoolsPathEX, Inkwater Marsh, SpiritLight, 200, lagoonStateGroup, 945, largeExpC, 10833, , -802.3, -4186.1, -802.3163, -4186.148
WestHollow.CrusherHC, Kwoloks Hollow, Resource, Life, kwolokGroupDescriptor, 937, healthHalfCell, 61897, , -254.6, -4224.1, -254.58763, -4223.121
WestHollow.FarLeftEX, Kwoloks Hollow, SpiritLight, 50, kwolokGroupDescriptor, 937, smallExpOrbPlaceholder, 16163, , -357.7, -4294.4, -357.67212, -4294.3525
WestHollow.RockPuzzleEX, Kwoloks Hollow, SpiritLight, 50, kwolokGroupDescriptor, 937, smallExpOrbPlaceholder, 2538, , -296.9, -4292.9, -296.9477, -4292.9487
WestHollow.HiddenEC, Kwoloks Hollow, Resource, Energy, kwolokGroupDescriptor, 937, energyHalfContainer, 8518, , -238.4, -4301.5, -238.39, -4300.48
WestHollow.QuickshotShard, Kwoloks Hollow, Shard, Quickshot, pickupsGroup, 23987, frenzyShardPickup, 61017, , -311.2, -4325.5, -311.181, -4324.4873
WestHollow.SwimEC, Kwoloks Hollow, Resource, Energy, kwolokGroupDescriptor, 937, energyHalfContainer, 24175, , -177.8, -4354.2, -177.8136, -4353.2246
WestHollow.LupoMap, Kwoloks Hollow, Shop, LupoZoneMap, npcsStateGroup, 48248, hasMapKwoloksHollow, 3638, , -146, -4321, -146, -4321
WestHollow.TrialHC, Kwoloks Hollow, Resource, Life, kwolokGroupDescriptor, 937, halfHealthCell, 2463, , -122.0, -4268.2, -121.979996, -4267.23
WestHollow.SpiritTrial, Kwoloks Hollow, SpiritLight, 1000, raceGroup, 44964, kwolokDropRace, 25545, 2, -115, -4259, -175.43, -4440.89
WestHollow.BelowLupoEX, Kwoloks Hollow, SpiritLight, 50, kwolokGroupDescriptor, 937, smallExpOrbPlaceholderA, 48192, , -82.3, -4369.6, -82.32001, -4369.565
WestHollow.AboveDashEX, Kwoloks Hollow, SpiritLight, 50, kwolokGroupDescriptor, 937, smallExpOrbPlaceholderC, 61744, , -100.0, -4407.2, -99.98999, -4407.225
WestHollow.DashRightEX, Kwoloks Hollow, SpiritLight, 50, kwolokGroupDescriptor, 937, smallExpOrbPlaceholder, 37926, , 11.6, -4401.1, 11.600098, -4401.12
WestHollow.CrusherEX, Kwoloks Hollow, SpiritLight, 200, kwolokGroupDescriptor, 937, xpOrbA, 50176, , -37.5, -4452.6, -37.47986, -4452.6426
WestHollow.DashTree, Kwoloks Hollow, Ability, Dash, trees, 0, Dash, 102, , -69, -4453, -69.149994, -4448.132
EastHollow.HandToHandMap, Kwoloks Hollow, Quest, Map, questUberStateGroup, 14019, tradeSequenceQuest, 26318, 1, -110, -4220, -112.2, -4218.3
EastHollow.GladesApproachOre, Kwoloks Hollow, Resource, Ore, kwolokGroupDescriptor, 937, gromOreA, 10729, , -97.6, -4190.1, -97.55, -4190.1
EastHollow.HornBeetleFightEX, Kwoloks Hollow, SpiritLight, 50, kwolokGroupDescriptor, 937, xpOrbA, 13413, , -86.0, -4210.3, -86.03, -4210.3
EastHollow.SpikeLanternEX, Kwoloks Hollow, SpiritLight, 50, kwolokGroupDescriptor, 937, xpOrbB, 5568, , -55.3, -4200.8, -55.270004, -4200.82
EastHollow.SecretRoofEX, Kwoloks Hollow, SpiritLight, 100, kwolokGroupDescriptor, 937, mediumExpA, 45987, , 8.9, -4197.7, 8.927444, -4197.656
EastHollow.MortarEX, Kwoloks Hollow, SpiritLight, 100, kwolokGroupDescriptor, 937, mediumExpC, 19529, , 57.5, -4189.3, 57.47223, -4189.3438
EastHollow.BashEC, Kwoloks Hollow, Resource, Energy, kwolokGroupDescriptor, 937, energyHalfCell, 23772, , 46.8, -4236.6, 46.772675, -4235.625
EastHollow.BashHC, Kwoloks Hollow, Resource, Life, bashIntroductionA__clone1Group, 13428, healthContainerA, 59730, , 84.0, -4263.0, 84.0289, -4262.0195
EastHollow.BashEX, Kwoloks Hollow, SpiritLight, 100, kwolokGroupDescriptor, 937, mediumExpB, 30182, , -31.4, -4302.3, -31.656738, -4301.913
EastHollow.BashTree, Kwoloks Hollow, Ability, Bash, trees, 0, Bash, 0, , -20, -4326, -20.328445, -4319.618
EastHollow.KwolokAmuletQuest, Kwoloks Hollow, Quest, SL500, questUberStateGroup, 14019, kwoloksWisdomQuest, 50597, 4, 240, -4207, 240.1, -4207.5
EastHollow.RightKwolokEX, Kwoloks Hollow, SpiritLight, 100, _petrifiedForestGroup, 58674, expOrbA, 20983, , 289.0, -4195.7, 289.0374, -4195.708
EastHollow.SilentSwimEC, Kwoloks Hollow, Resource, Energy, _petrifiedForestGroup, 58674, energyContainerA, 9583, , 331.9, -4191.3, 331.87, -4190.344
EastHollow.SplinterShard, Kwoloks Hollow, Shard, Splinter, pickupsGroup, 23987, splinterShardPickup, 62973, , 216.2, -4307.3, 216.17882, -4306.3125
EastHollow.ForestsVoice, Kwoloks Hollow, Wisp, Voice, kwoloksCavernThroneRoomGroup, 46462, wispRewardPickup, 59806, , 191, -4212, 191, -4212
EastHollow.KwolokSwimOre, Kwoloks Hollow, Resource, Ore, kwoloksCavernThroneRoomGroup, 46462, gorlekOreA, 37897, , 243.4, -4223.5, 243.44835, -4223.517
EastHollow.KwolokSwimLeftEX, Kwoloks Hollow, SpiritLight, 200, kwoloksCavernThroneRoomGroup, 46462, largeExpA, 29054, , 113.0, -4228.5, 113, -4228.5
EastHollow.KwolokSwimRightEX, Kwoloks Hollow, SpiritLight, 50, kwoloksCavernThroneRoomGroup, 46462, smallExpA, 20780, , 161.5, -4244.8, 161.49835, -4244.7866
EastHollow.DepthsExteriorEX, Kwoloks Hollow, SpiritLight, 100, mouldwoodDepthsGroup, 18793, mediumExpB, 42980, , 130.9, -4272.0, 130.83775, -4271.6465
GladesTown.HandToHandPouch, Wellspring Glades, Quest, Pouch, questUberStateGroup, 14019, tradeSequenceQuest, 26318, 2, -282, -4155, -285.9, -4153.8
GladesTown.HandToHandLantern, Wellspring Glades, Quest, Lantern, questUberStateGroup, 14019, tradeSequenceQuest, 26318, 6, -426, -4155, -428.7, -4153.2
GladesTown.HandToHandCanteen, Wellspring Glades, Quest, Canteen, questUberStateGroup, 14019, tradeSequenceQuest, 26318, 9, -410, -4142, -403.2, -4142
GladesTown.FamilyReunionKey, Wellspring Glades, Quest, Key, questUberStateGroup, 14019, familyReunionQuest, 27804, 2, -385, -4161, -382, -4155.3
GladesTown.AcornQI, Wellspring Glades, Quest, Acorn, questUberStateGroup, 14019, darkCaveQuestItemCollected, 2782, , -10.5, -4549.7, -366, -4183.6
GladesTown.MokiAcornQuest, Wellspring Glades, Quest, SL500, questUberStateGroup, 14019, darkCaveQuest, 33776, 3, -358, -4185, -360.1, -4183.6
GladesTown.HoleHutEC, Wellspring Glades, Resource, Energy, hubUberStateGroup, 42178, energyCellA, 52786, , -116.0, -4538.5, -227.72, -4092.33
GladesTown.AboveGromHC, Wellspring Glades, Resource, Life, wellspringGladesGroup, 44310, lifeVesselA, 29043, , -326.3, -4102.1, -326.30994, -4101.12
GladesTown.LupoSwimHC, Wellspring Glades, Resource, Life, wellspringGladesGroup, 44310, lifeVesselB, 17523, , -160.4, -4192.2, -160.3623, -4191.1562
GladesTown.UpperOre, Wellspring Glades, Resource, Ore, hubUberStateGroup, 42178, gorlekOreB, 27110, , -418.4, -4103.5, -418.39633, -4103.5366
GladesTown.LowerOre, Wellspring Glades, Resource, Ore, hubUberStateGroup, 42178, gorlekOreA, 23125, , -415.7, -4173.6, -415.66016, -4173.553
GladesTown.ArcingShard, Wellspring Glades, Shard, Arcing, pickupsGroup, 23987, chainLightningPickup, 23015, , -324.4, -4134.1, -324.43, -4133.08
GladesTown.BountyShard, Wellspring Glades, Shard, Bounty, pickupsGroup, 23987, focusShardPickup, 14014, , -247.3, -4105.0, -247.53546, -4103.873
GladesTown.LupoSoupEX, Wellspring Glades, SpiritLight, 100, hubUberStateGroup, 42178, hutAExpOrb, 51468, , -160.8, -4521.3, -212.3, -4162
GladesTown.BraveMokiHutEX, Wellspring Glades, SpiritLight, 100, hubUberStateGroup, 42178, hutBExpOrb, 13327, , -176.7, -4541.0, -326.2, -4118.47
GladesTown.MotayHutEX, Wellspring Glades, SpiritLight, 100, hubUberStateGroup, 42178, hutCExpOrb, 57455, , -172.7, -4583.2, -392.8, -4130.6
GladesTown.HoleHutEX, Wellspring Glades, SpiritLight, 100, hubUberStateGroup, 42178, hutDExpOrbB, 30520, , -118.5, -4520.3, -227.72, -4090.33
GladesTown.UpperLeftEX, Wellspring Glades, SpiritLight, 100, hubUberStateGroup, 42178, mediumExpB, 59623, , -373.8, -4102.9, -373.7733, -4102.89
GladesTown.LupoSwimMiddleEX, Wellspring Glades, SpiritLight, 100, hubUberStateGroup, 42178, mediumExpE, 9780, , -224.4, -4160.6, -224.35947, -4160.638
GladesTown.CaveBurrowEX, Wellspring Glades, SpiritLight, 100, hubUberStateGroup, 42178, mediumExpF, 18448, , -307.5, -4166.8, -307.53635, -4166.828
GladesTown.BelowHoleHutEX, Wellspring Glades, SpiritLight, 100, hubUberStateGroup, 42178, mediumExpG, 6117, , -232.1, -4106.8, -232.11626, -4106.6367
GladesTown.KeyMokiHutEX, Wellspring Glades, SpiritLight, 100, hubUberStateGroup, 42178, hutEExpOrb, 51934, , -119.6, -4558.7, -386.66, -4156.72
GladesTown.AboveTpEX, Wellspring Glades, SpiritLight, 50, hubUberStateGroup, 42178, smallExpH, 42762, , -307.1, -4118.7, -307.31543, -4118.597
GladesTown.AboveCaveEX, Wellspring Glades, SpiritLight, 50, hubUberStateGroup, 42178, smallExpA, 30206, , -364.4, -4171.3, -364.37766, -4171.2876
GladesTown.LupoSwimLeftEX, Wellspring Glades, SpiritLight, 50, hubUberStateGroup, 42178, smallExpB, 37028, , -277.1, -4171.8, -277.13055, -4171.818
GladesTown.UpdraftCeilingEX, Wellspring Glades, SpiritLight, 50, hubUberStateGroup, 42178, smallExpC, 63404, , -239.6, -4129.9, -239.55182, -4129.9424
GladesTown.LeafPileEX, Wellspring Glades, SpiritLight, 50, hubUberStateGroup, 42178, smallExpG, 44748, , -160.6, -4098.2, -160.66998, -4096.58
GladesTown.DamageTree, Wellspring Glades, Ability, AncestralLight, trees, 0, AncestralLight, 120, , -368, -4158, -368.17413, -4153.7295
GladesTown.RebuildTheGlades, Wellspring Glades, Quest, SL1000, questUberStateGroup, 14019, rebuildGladesQuest, 44578, 2, -322, -4153, -328.5, -4150.1
GladesTown.TwillenGemQuest, Wellspring Glades, Quest, Shard, pickupsGroup, 23987, secretShardPickup, 14832, , -408, -4162, -406, -4158.9
GladesTown.RegrowTheGlades, Wellspring Glades, Quest, SL1000, questUberStateGroup, 14019, regrowGladesQuest, 26394, 2, -173, -4139, -176, -4134.7
WestGlades.GrappleEX, Wellspring Glades, SpiritLight, 100, wellspringGroupDescriptor, 53632, mediumExpA, 12019, , -515.3, -4102.5, -515.32, -4102.47
WestGlades.AbovePlantEX, Wellspring Glades, SpiritLight, 100, kwolokGroupDescriptor, 937, mediumExpC, 31036, , -586.1, -4090.3, -586.0541, -4090.2927
WestGlades.LowerPoolEX, Wellspring Glades, SpiritLight, 50, kwolokGroupDescriptor, 937, smallExpA, 40657, , -586.0, -4128.8, -586.03, -4128.8
WestGlades.UpperPoolEX, Wellspring Glades, SpiritLight, 100, kwolokGroupDescriptor, 937, mediumExpB, 45744, , -631.8, -4087.5, -631.78, -4087.51
WestGlades.SwimEC, Wellspring Glades, Resource, Energy, kwolokGroupDescriptor, 937, energyContainerA, 17761, , -690.3, -4114.5, -690.27, -4113.5
WestGlades.LeftOre, Wellspring Glades, Resource, Ore, kwolokGroupDescriptor, 937, orePickup, 6703, , -690.1, -4097.4, -690.07654, -4097.43
WestGlades.RightOre, Wellspring Glades, Resource, Ore, kwolokGroupDescriptor, 937, orePickupB, 11846, , -559.7, -4062.7, -559.67, -4062.74
WestGlades.ShrineHC, Wellspring Glades, Resource, Life, wellspringGladesGroup, 44310, lifeVesselA, 36911, , -688.5, -4007.9, -688.5299, -4006.8901
WestGlades.CombatShrine, Wellspring Glades, Resource, ShardSlot, wellspringGladesGroup, 44310, shardSlotUpgrade, 9902, , -635.4, -4016.2, -635.35, -4015.19
OuterWellspring.RightWallOre, The Wellspring, Resource, Ore, wellspringGroupDescriptor, 53632, orePickupB, 25556, , -738.7, -4017.7, -738.6675, -4017.652
OuterWellspring.RightWallEC, The Wellspring, Resource, Energy, wellspringGroupDescriptor, 53632, energyVesselA, 1911, , -735.3, -3988.3, -735.25366, -3987.25
OuterWellspring.RightWallEX, The Wellspring, SpiritLight, 100, wellspringGroupDescriptor, 53632, mediumExpOrbPlaceholderE, 51706, , -745.1, -3942.0, -745.0513, -3941.9956
OuterWellspring.TrialOre, The Wellspring, Resource, Ore, waterMillStateGroupDescriptor, 37858, gorlekOreA, 58286, , -677.7, -3933.2, -677.7317, -3933.1733
OuterWellspring.SpiritTrial, The Wellspring, SpiritLight, 1000, raceGroup, 44964, wellspringRace, 11512, 2, -668, -3937, -834.55005, -3893.5503
OuterWellspring.UltraGrappleShard, The Wellspring, Shard, UltraGrapple, pickupsGroup, 23987, ultraLeashShardPickup, 12104, , -798.7, -3912.2, -798.66003, -3911.1501
OuterWellspring.HiddenHC, The Wellspring, Resource, Life, wellspringGroupDescriptor, 53632, lifeVesselA, 17403, , -877.8, -3961.0, -877.8399, -3959.99
OuterWellspring.EntranceRoofEX, The Wellspring, SpiritLight, 100, wellspringGroupDescriptor, 53632, mediumExpOrbPlaceholderF, 42264, , -848.9, -4023.5, -848.91876, -4023.5227
OuterWellspring.WheelEX, The Wellspring, SpiritLight, 100, wellspringGroupDescriptor, 53632, mediumExpOrbPlaceholderG, 6500, , -898.5, -4066.7, -898.4592, -4061.278
OuterWellspring.BasementEC, The Wellspring, Resource, Energy, wellspringGroupDescriptor, 53632, energyVesselB, 6869, , -857.0, -4115.5, -857.0315, -4114.5103
OuterWellspring.LifeHarvestShard, The Wellspring, Shard, LifeHarvest, pickupsGroup, 23987, vitalityLuckShardPickup, 53934, , -999.2, -4029.4, -999.22, -4028.35
OuterWellspring.SwimEX, The Wellspring, SpiritLight, 100, wellspringGroupDescriptor, 53632, mediumExpOrbPlaceholderC, 62356, , -824.6, -4084.8, -824.5987, -4084.8445
OuterWellspring.SwimOre, The Wellspring, Resource, Ore, wellspringGroupDescriptor, 53632, orePickupA, 21124, , -760.5, -4093.2, -760.547, -4093.22
OuterWellspring.TheLostCompass, The Wellspring, Quest, Ore, questUberStateGroup, 14019, lostCompassQuest, 20667, 3, -811, -3973, -805, -3970.9
InnerWellspring.ThornShard, The Wellspring, Shard, Thorn, pickupsGroup, 23987, counterstrikeShardPickup, 31426, , -1375.8, -3994.2, -1375.77, -3993.22
InnerWellspring.ThornEX, The Wellspring, SpiritLight, 100, waterMillStateGroupDescriptor, 37858, mediumExpA, 22107, , -1371.9, -3938.5, -1371.89, -3938.49
InnerWellspring.ThreeWheelsEX, The Wellspring, SpiritLight, 50, waterMillStateGroupDescriptor, 37858, smallExpA, 45906, , -1247.0, -3926.7, -1247.04, -3926.73
InnerWellspring.WaterSwitchEX, The Wellspring, SpiritLight, 100, waterMillStateGroupDescriptor, 37858, xpOrbWater, 45656, , -1197.2, -3971.9, -1197.15, -3971.94
InnerWellspring.DrainHC, The Wellspring, Resource, Life, waterMillStateGroupDescriptor, 37858, healthContainerA, 25833, , -1168.6, -3989.6, -1168.589, -3988.6418
InnerWellspring.DrainEX, The Wellspring, SpiritLight, 100, waterMillStateGroupDescriptor, 37858, mediumExpA, 41380, , -1063.4, -3961.1, -1063.43, -3961.1272
InnerWellspring.LaserOre, The Wellspring, Resource, Ore, waterMillStateGroupDescriptor, 37858, gorlekOreB, 58846, , -1077.3, -3936.4, -1077.2742, -3936.3518
InnerWellspring.LeverEC, The Wellspring, Resource, Energy, waterMillStateGroupDescriptor, 37858, energyVessel, 57552, , -1109.4, -3864.0, -1109.36, -3862.95
InnerWellspring.LupoEX, The Wellspring, SpiritLight, 100, waterMillStateGroupDescriptor, 37858, mediumExpB, 41911, , -1142.4, -3861.8, -1142.36, -3861.79
InnerWellspring.LupoMap, The Wellspring, Shop, LupoZoneMap, npcsStateGroup, 48248, hasMapWellspring, 1590, , -1190, -3861, -1190, -3861
InnerWellspring.ShortcutWheelEX, The Wellspring, SpiritLight, 200, waterMillStateGroupDescriptor, 37858, xpOrbA, 33063, , -1227.6, -3910.5, -1227.6171, -3910.532
InnerWellspring.GrappleTreeEX, The Wellspring, SpiritLight, 100, waterMillStateGroupDescriptor, 37858, mediumExpA, 31136, , -1307.6, -3884.3, -1307.8835, -3883.543
InnerWellspring.GrappleTree, The Wellspring, Ability, Grapple, trees, 0, Grapple, 57, , -1309, -3905, -1309.2, -3899.3662
InnerWellspring.AboveSpinArenaEX, The Wellspring, SpiritLight, 200, waterMillStateGroupDescriptor, 37858, expOrb, 64086, , -1236.5, -3739.3, -1236.5, -3739.34
InnerWellspring.HandToHandHerbs, The Wellspring, Quest, Herbs, questUberStateGroup, 14019, tradeSequenceQuest, 26318, 3, -1168, -3733, -1165.6, -3730.9
InnerWellspring.RotateRoomEX, The Wellspring, SpiritLight, 100, waterMillStateGroupDescriptor, 37858, mediumExpB, 52110, , -1151.4, -3840.1, -1151.4448, -3840.1448
InnerWellspring.RotateRoomOre, The Wellspring, Resource, Ore, waterMillStateGroupDescriptor, 37858, gorlekOreA, 47533, , -1178.0, -3755.0, -1178.03, -3755.02
InnerWellspring.NeedleQI, The Wellspring, Quest, Needle, wellspringGroupDescriptor, 53632, questItemCompass, 41227, , -1185.5, -3696.3, -1185.467, -3696.261
InnerWellspring.LibraryEX, The Wellspring, SpiritLight, 100, waterMillStateGroupDescriptor, 37858, mediumExpA, 59022, , -1252.2, -3681.8, -1252.1917, -3681.7656
InnerWellspring.AboveTpEX, The Wellspring, SpiritLight, 50, waterMillStateGroupDescriptor, 37858, smallExpOrb, 2797, , -1316.6, -3663.6, -1316.5791, -3663.5505
InnerWellspring.BlueMoonSeed, The Wellspring, Quest, Seed, questUberStateGroup, 14019, gardenerSeedGrappleCollected, 24142, , -1185.4, -3668.8, -1185.4348, -3668.7515
InnerWellspring.SwimOre, The Wellspring, Resource, Ore, waterMillStateGroupDescriptor, 37858, gorlekOreA, 32932, , -1203.9, -3715.7, -1203.8998, -3715.6865
InnerWellspring.EscapeRevisitEX, The Wellspring, SpiritLight, 100, waterMillStateGroupDescriptor, 37858, xpOrb, 56444, , -1313.1, -3640.1, -1313.1079, -3640.099
InnerWellspring.WaterEscape, The Wellspring, Quest, Water, waterMillStateGroupDescriptor, 37858, finishedWatermillEscape, 12379, , -481, -3763, -1159, -3635
PoolsApproach.MarshPathCurrentEX, Luma Pools, SpiritLight, 100, lagoonStateGroup, 945, mediumExpB, 10682, , -1047.3, -4216.8, -1047.3401, -4216.82
PoolsApproach.AboveWheelEX, Luma Pools, SpiritLight, 100, lagoonStateGroup, 945, mediumExpA, 14530, , -940.7, -4144.7, -940.6959, -4144.7227
PoolsApproach.MillPathHC, Luma Pools, Resource, Life, lagoonStateGroup, 945, lagoonMillTransitionHealthCell, 37243, , -850.6, -4195.6, -850.61, -4194.55
PoolsApproach.MillPathEC, Luma Pools, Resource, Energy, lagoonStateGroup, 945, energyCellA, 21334, , -924.3, -4169.5, -924.2717, -4168.4663
PoolsApproach.MillPathEX, Luma Pools, SpiritLight, 100, lagoonStateGroup, 945, medExpA, 58723, , -894.4, -4137.2, -894.4155, -4137.1816
EastPools.RightOre, Luma Pools, Resource, Ore, lumaPoolsStateGroup, 5377, orePickupA, 34852, , -1134.6, -4115.9, -1134.4833, -4115.717
EastPools.KwolokAmuletQI, Luma Pools, Quest, Amulet, questUberStateGroup, 14019, kwoloksWisdomItemCollected, 53103, , -1173, -4154, -1175.1, -4153.1
EastPools.TwoCrushersEX, Luma Pools, SpiritLight, 100, lumaPoolsStateGroup, 5377, xpOrbD, 13832, , -1176.4, -4177.9, -1176.3883, -4177.9414
EastPools.BubbleCurrentEX, Luma Pools, SpiritLight, 100, lumaPoolsStateGroup, 5377, xpOrbC, 17396, , -1214.3, -4182.0, -1214.2803, -4181.966
EastPools.BelowLeverEX, Luma Pools, SpiritLight, 100, lumaPoolsStateGroup, 5377, xpOrbA, 27204, , -1230.6, -4125.7, -1230.6019, -4125.742
EastPools.AboveDoorOre, Luma Pools, Resource, Ore, lumaPoolsStateGroup, 5377, pickupA, 19694, , -1248.7, -4139.0, -1248.6624, -4139.0425
EastPools.PurpleWallHC, Luma Pools, Resource, Life, lumaPoolsStateGroup, 5377, healthContainerA, 63201, , -1277.9, -4086.0, -1277.9425, -4085.0483
EastPools.HandToHandSpyglass, Luma Pools, Quest, Spyglass, questUberStateGroup, 14019, tradeSequenceQuest, 26318, 8, -1284, -4126, -1281.5, -4124.4
EastPools.AboveTpEX, Luma Pools, SpiritLight, 100, lumaPoolsStateGroup, 5377, xpOrbA, 7540, , -1336.2, -4102.9, -1336.2295, -4102.91
EastPools.LupoOre, Luma Pools, Resource, Ore, lumaPoolsStateGroup, 5377, gorlekOreA, 12235, , -1370.0, -4166.2, -1369.9664, -4166.21
EastPools.UltraBashShard, Luma Pools, Shard, UltraBash, pickupsGroup, 23987, ultraBashShardPickup, 25996, , -1284.6, -4196.2, -1284.62, -4195.23
EastPools.FightRoomHC, Luma Pools, Resource, Life, lumaPoolsStateGroup, 5377, healthContainerA, 45774, , -1365.2, -4109.5, -1365.1549, -4108.4673
EastPools.SpiritTrial, Luma Pools, SpiritLight, 1000, raceGroup, 44964, lumaPoolsRace, 54686, 2, -1417, -4126, -1485.9731, -4059.728
EastPools.EnergyHarvestShard, Luma Pools, Shard, EnergyHarvest, lumaPoolsStateGroup, 5377, spiritShard, 40328, , -1441.4, -4129.7, -1441.3499, -4128.7153
EastPools.LupoEX, Luma Pools, SpiritLight, 100, lumaPoolsStateGroup, 5377, xpOrbB, 35440, , -1414.3, -4154.6, -1414.3197, -4154.631
EastPools.LupoMap, Luma Pools, Shop, LupoZoneMap, npcsStateGroup, 48248, hasMapLumaPools, 1557, , -1391, -4167, -1391, -4167
EastPools.BehindCrusherEX, Luma Pools, SpiritLight, 100, lumaPoolsStateGroup, 5377, xpOrbA, 18345, , -1430.7, -4180.9, -1430.7302, -4180.8726
EastPools.GrassSeed, Luma Pools, Quest, Seed, questUberStateGroup, 14019, gardenerSeedGrassCollected, 28662, , -1528.0, -4140.0, -1527.96, -4140
UpperPools.LowerKS, Luma Pools, Resource, Keystone, lumaPoolsStateGroup, 5377, keystoneC, 46926, , -1576.1, -4125.4, -1576.125, -4125.4326
UpperPools.UpperLeftKS, Luma Pools, Resource, Keystone, lumaPoolsStateGroup, 5377, keystoneA, 35091, , -1547.8, -4080.7, -1547.785, -4080.7402
UpperPools.UpperMidKS, Luma Pools, Resource, Keystone, lumaPoolsStateGroup, 5377, keystoneB, 16426, , -1537.9, -4074.0, -1537.88, -4074.0479
UpperPools.UpperRightKS, Luma Pools, Resource, Keystone, lumaPoolsStateGroup, 5377, keystoneD, 41881, , -1517.7, -4079.1, -1517.7151, -4079.0723
UpperPools.FishPoolEX, Luma Pools, SpiritLight, 50, lumaPoolsStateGroup, 5377, mediumExpOrbPlaceholderC, 33110, , -1568.0, -4063.2, -1568.0227, -4063.1929
UpperPools.FishPoolOre, Luma Pools, Resource, Ore, lumaPoolsStateGroup, 5377, gorlekOreA, 31434, , -1535.3, -4034.0, -1535.311, -4034.042
UpperPools.BubblesEC, Luma Pools, Resource, Energy, lumaPoolsStateGroup, 5377, energyCellFragmentA, 1600, , -1643.0, -4002.7, -1643.001, -4001.6646
UpperPools.RightBubblesEX, Luma Pools, SpiritLight, 200, lumaPoolsStateGroup, 5377, largeExpOrbPlaceholderA, 628, , -1572.3, -4076.9, -1572.3201, -4076.915
UpperPools.LeftBubblesEX, Luma Pools, SpiritLight, 100, lumaPoolsStateGroup, 5377, xpOrbA, 21860, , -1645.0, -4083.8, -1645.0286, -4083.81
UpperPools.SwimDashTree, Luma Pools, Ability, SwimDash, trees, 0, SwimDash, 104, , -1430, -4082, -1429.8096, -4077.332
UpperPools.SwimDashCurrentEX, Luma Pools, SpiritLight, 100, lumaPoolsStateGroup, 5377, xpOrbB, 52791, , -1468.1, -4098.2, -1468.1074, -4098.208
UpperPools.RoofEX, Luma Pools, SpiritLight, 100, lumaPoolsStateGroup, 5377, xpOrbA, 33180, , -1449.0, -4036.8, -1449.0184, -4036.8418
UpperPools.WaterfallEC, Luma Pools, Resource, Energy, lumaPoolsStateGroup, 5377, energyContainerA, 32750, , -1389.0, -4039.5, -1388.9896, -4038.5205
WestPools.BurrowEX, Luma Pools, SpiritLight, 200, lumaPoolsStateGroup, 5377, xpOrbB, 62180, , -1654.9, -4188.9, -1654.9425, -4188.8804
WestPools.BurrowOre, Luma Pools, Resource, Ore, lumaPoolsStateGroup, 5377, gorlekOreA, 65019, , -1769.9, -4125.0, -1769.8546, -4124.9766
WestPools.TpEX, Luma Pools, SpiritLight, 50, lumaPoolsStateGroup, 5377, xpOrbA, 25391, , -1650.6, -4160.0, -1650.59, -4160.0103
WestPools.EscapeRevisitEX, Luma Pools, SpiritLight, 100, lumaPoolsStateGroup, 5377, xpOrbA, 44122, , -1654.7, -4142.7, -1654.6708, -4142.69
WestPools.ForestsStrength, Luma Pools, Wisp, Strength, lagoonStateGroup, 945, bossReward, 49747, , -1928, -4066, -1928, -4066
WoodsEntry.LastTreeBranch, Silent Woods, Quest, Branch, questUberStateGroup, 14019, treeKeeperQuest, 59708, 1, 513, -4158, 513, -4158
WoodsEntry.DollQI, Silent Woods, Quest, Doll, questUberStateGroup, 14019, familyReunionItemCollected, 57399, , 426.7, -4114.9, 469.2, -4178
WoodsEntry.TreeSeed, Silent Woods, Quest, Seed, questUberStateGroup, 14019, gardenerSeedTreeCollected, 7470, , 513, -4159, 511, -4157
WoodsEntry.MudPitEX, Silent Woods, SpiritLight, 50, _petrifiedForestGroup, 58674, CollectibleXpA, 8487, , 513.8, -4184.9, 513.7701, -4184.88
WoodsEntry.LedgeOre, Silent Woods, Resource, Ore, _petrifiedForestGroup, 58674, gorlekOreA, 28710, , 410.5, -4173.8, 410.37, -4173.6704
WoodsEntry.LeafPileEX, Silent Woods, SpiritLight, 50, _petrifiedForestGroup, 58674, xpOrbA, 22472, , 485.1, -4164.3, 485.1499, -4164.5
WoodsEntry.TpEX, Silent Woods, SpiritLight, 50, _petrifiedForestGroup, 58674, CollecitbleXPB, 59691, , 629.0, -4155.3, 629.00824, -4155.2783
WoodsEntry.LowerKS, Silent Woods, Resource, Keystone, _petrifiedForestGroup, 58674, keyStoneD, 40073, , 690.3, -4189.3, 690.28, -4189.34
WoodsEntry.UpperKS, Silent Woods, Resource, Keystone, _petrifiedForestGroup, 58674, keyStoneC, 11736, , 640.7, -4165.8, 640.70996, -4165.76
WoodsMain.RightKS, Silent Woods, Resource, Keystone, _petrifiedForestGroup, 58674, keyStoneC, 43033, , 955.7, -4147.9, 955.73, -4147.91
WoodsMain.UpperKS, Silent Woods, Resource, Keystone, _petrifiedForestGroup, 58674, keyStoneB, 19769, , 907.7, -4121.4, 907.7, -4121.4
WoodsMain.LeftKS, Silent Woods, Resource, Keystone, _petrifiedForestGroup, 58674, keyStoneA, 42531, , 886.1, -4124.2, 886.07996, -4124.18
WoodsMain.LowerKS, Silent Woods, Resource, Keystone, _petrifiedForestGroup, 58674, keyStoneD, 780, , 929.7, -4185.4, 929.66003, -4185.39
WoodsMain.BehindWallOre, Silent Woods, Resource, Ore, _petrifiedForestGroup, 58674, gorlekOreA, 26274, , 988.5, -4172.7, 988.50354, -4172.684
WoodsMain.LowerLeafPileEX, Silent Woods, SpiritLight, 50, _petrifiedForestGroup, 58674, expOrbC, 42158, , 948.2, -4210.1, 948.0668, -4209.026
WoodsMain.MiddleLeafPileEX, Silent Woods, SpiritLight, 50, _petrifiedForestGroup, 58674, expOrbD, 33893, , 951.0, -4168.8, 951.29, -4167.7886
WoodsMain.UpperLeafPileEX, Silent Woods, SpiritLight, 100, _petrifiedForestGroup, 58674, expOrbC, 30908, , 967.4, -4141.8, 967.08997, -4141
WoodsMain.YellowWallEX, Silent Woods, SpiritLight, 100, _petrifiedForestGroup, 58674, expOrbD, 59714, , 1069.2, -4099.4, 1069.1527, -4099.3555
WoodsMain.HiddenOre, Silent Woods, Resource, Ore, _petrifiedForestGroup, 58674, gorlekOreA, 20713, , 1010.1, -4071.0, 1010.0652, -4070.9956
WoodsMain.HiddenEX, Silent Woods, SpiritLight, 100, _petrifiedForestGroup, 58674, mediumPickupC, 54516, , 936.3, -4044.2, 936.2882, -4044.2256
WoodsMain.BelowKeystonesEX, Silent Woods, SpiritLight, 50, _petrifiedForestGroup, 58674, expOrbA, 23186, , 941.8, -4185.9, 941.81433, -4185.8574
WoodsMain.BehindDoorRoofEX, Silent Woods, SpiritLight, 100, _petrifiedForestGroup, 58674, expOrbA, 64057, , 968.6, -4123.3, 968.604, -4123.2627
WoodsMain.PetrifiedHowlEX, Silent Woods, SpiritLight, 50, _petrifiedForestGroup, 58674, smallPickupA, 17974, , 904.7, -4076.7, 904.6666, -4076.6702
WoodsMain.SpiritTrial, Silent Woods, SpiritLight, 1000, raceGroup, 44964, silentWoodlandRace, 22703, 2, 820, -4047, 859.62, -3938.6702
WoodsMain.OverflowShard, Silent Woods, Shard, Overflow, pickupsGroup, 23987, recycleShardPickup, 25183, , 826.6, -3940.1, 826.62494, -3939.051
WoodsMain.CombatShrine, Silent Woods, Resource, ShardSlot, _petrifiedForestGroup, 58674, enemyRoom, 29265, , 1361.1, -4064.0, 1361.1, -4063.04
WoodsMain.ShrineEX, Silent Woods, SpiritLight, 100, _petrifiedForestGroup, 58674, expOrbA, 32647, , 1406.0, -4064.4, 1405.9546, -4064.3982
WoodsMain.FeedingGroundsEX, Silent Woods, SpiritLight, 200, _petrifiedForestGroup, 58674, expOrb, 64484, , 1464.3, -4007.6, 1464.3367, -4007.5527
LowerReach.BelowBaurEX, Baurs Reach, SpiritLight, 50, baursReachGroup, 28895, smallXPOrbA, 55384, , -400.9, -4052.8, -400.88, -4052.8
LowerReach.AboveBaurLowerEX, Baurs Reach, SpiritLight, 50, baursReachGroup, 28895, smallXPOrbB, 24533, , -416.2, -3967.8, -416.19, -3967.8
LowerReach.AboveBaurUpperEX, Baurs Reach, SpiritLight, 100, baursReachGroup, 28895, mediumExpOrb, 3777, , -438.7, -3946.1, -438.7362, -3946.0852
LowerReach.IcefallOre, Baurs Reach, Resource, Ore, baursReachGroup, 28895, gorlekOreA, 58675, , -483.2, -3974.4, -483.2151, -3974.413
LowerReach.IcefallEX, Baurs Reach, SpiritLight, 200, baursReachGroup, 28895, largeXPOrbA, 45337, , -500.3, -3969.6, -500.32178, -3969.5947
LowerReach.AboveDoorEX, Baurs Reach, SpiritLight, 50, baursReachGroup, 28895, xpOrbA, 38143, , -337.4, -3999.1, -337.42447, -3999.0654
LowerReach.HiddenOre, Baurs Reach, Resource, Ore, baursReachGroup, 28895, orePlaceholder, 47529, , -345.7, -3946.6, -345.74002, -3946.64
LowerReach.LupoMap, Baurs Reach, Shop, LupoZoneMap, npcsStateGroup, 48248, hasMapBaursReach, 29604, , -275, -3996, -275, -3996
LowerReach.MeltIceEX, Baurs Reach, SpiritLight, 100, baursReachGroup, 28895, xpOrbF, 4301, , -350.0, -4038.9, -349.97156, -4038.8848
LowerReach.BurrowEX, Baurs Reach, SpiritLight, 50, baursReachGroup, 28895, xpOrbE, 45066, , -330.6, -4051.7, -330.57, -4051.65
LowerReach.TPLeftEX, Baurs Reach, SpiritLight, 100, baursReachGroup, 28895, xpOrbC, 36231, , -340.5, -3984.1, -340.5, -3984.111
LowerReach.BelowLupoEX, Baurs Reach, SpiritLight, 100, baursReachGroup, 28895, xpOrbB, 38049, , -282.5, -4012.5, -282.5, -4012.5
LowerReach.BreakWallEX, Baurs Reach, SpiritLight, 200, hubUberStateGroup, 42178, mediumExpB, 40609, , -194.0, -4042.6, -193.94995, -4042.6401
LowerReach.WindBottomEX, Baurs Reach, SpiritLight, 50, baursReachGroup, 28895, smallXPOrbB, 35045, , -216.4, -4056.8, -216.43994, -4056.77
LowerReach.WindHiddenEX, Baurs Reach, SpiritLight, 50, baursReachGroup, 28895, smallXPOrbA, 54373, , -204.5, -4011.0, -204.45996, -4010.98
LowerReach.HandToHandHat, Baurs Reach, Quest, Hat, questUberStateGroup, 14019, tradeSequenceQuest, 26318, 5, -244, -3989, -244, -3989
LowerReach.SnowballHC, Baurs Reach, Resource, Life, baursReachGroup, 28895, healthCellA, 40744, , -190.0, -4016.8, -190.03845, -4015.8179
LowerReach.RoofLeftEX, Baurs Reach, SpiritLight, 200, baursReachGroup, 28895, xpOrbC, 53283, , -111.6, -3949.6, -111.589966, -3949.62
LowerReach.RoofRightEX, Baurs Reach, SpiritLight, 50, baursReachGroup, 28895, xpOrbB, 46711, , -71.5, -3951.3, -71.52429, -3951.3071
LowerReach.FractureShard, Baurs Reach, Shard, Fracture, pickupsGroup, 23987, fractureShardPickup, 36359, , -81.2, -4000.7, -81.15991, -3999.6997
LowerReach.EscapeRevisitEX, Baurs Reach, SpiritLight, 200, baursReachGroup, 28895, xpOrbB, 46404, , 69.5, -3730.0, 69.5, -3730.0
LowerReach.ForestsMemory, Baurs Reach, Wisp, Memory, baursReachGroup, 28895, wispRewardPickup, 25522, , -31, -3711, -31, -3711
LowerReach.RightKS, Baurs Reach, Resource, Keystone, baursReachGroup, 28895, keystoneA, 29898, , 34.1, -4024.8, 34.109863, -4024.8003
LowerReach.UpperLeftKS, Baurs Reach, Resource, Keystone, baursReachGroup, 28895, keystoneC, 10823, , -83.6, -4024.8, -83.56006, -4024.8403
LowerReach.MiddleLeftKS, Baurs Reach, Resource, Keystone, baursReachGroup, 28895, keystoneB, 37444, , -80.6, -4040.1, -80.55005, -4040.1401
LowerReach.BottomLeftKS, Baurs Reach, Resource, Keystone, baursReachGroup, 28895, keystoneD, 18358, , -58.0, -4054.9, -58.03015, -4054.9102
LowerReach.TrialEX, Baurs Reach, SpiritLight, 100, baursReachGroup, 28895, mediumExpOrb, 22761, , -38.7, -4017.7, -38.670044, -4017.73
LowerReach.SpiritTrial, Baurs Reach, SpiritLight, 1000, raceGroup, 44964, baursReachWindTunnelRace, 23661, 2, 75, -4046, 101.933716, -4046.7227
LowerReach.CatalystShard, Baurs Reach, Shard, Catalyst, pickupsGroup, 23987, hollowEnergyShardPickup, 897, , -90.2, -4096.5, -90.165726, -4095.3179
LowerReach.HandToHandSoup, Baurs Reach, Quest, Soup, questUberStateGroup, 14019, tradeSequenceQuest, 26318, 4, -110, -4090, -110, -4090
UpperReach.LifeForceShard, Baurs Reach, Shard, Lifeforce, pickupsGroup, 23987, untouchableShardPickup, 19630, , -400.8, -3860.5, -400.7699, -3859.5312
UpperReach.LifeForceEX, Baurs Reach, SpiritLight, 100, winterForestGroupDescriptor, 28287, mediumExpA, 32414, , -423.2, -3876.4, -423.21375, -3876.4019
UpperReach.LowerKS, Baurs Reach, Resource, Keystone, baursReachGroup, 28895, keystoneB, 1053, , -247.9, -3891.2, -247.87695, -3891.165
UpperReach.UpperKS, Baurs Reach, Resource, Keystone, baursReachGroup, 28895, keystoneD, 50368, , -206.7, -3842.5, -206.73999, -3842.5005
UpperReach.MiddleLeftKS, Baurs Reach, Resource, Keystone, baursReachGroup, 28895, keystoneA, 22382, , -231.5, -3868.9, -231.5, -3868.9
UpperReach.MiddleRightKS, Baurs Reach, Resource, Keystone, baursReachGroup, 28895, keystoneC, 9949, , -184.3, -3867.7, -184.33997, -3867.69
UpperReach.SoupOre, Baurs Reach, Resource, Ore, baursReachGroup, 28895, gorlekOreA, 23795, , -202.6, -3885.4, -202.60999, -3885.4302
UpperReach.SwingPoleEX, Baurs Reach, SpiritLight, 100, baursReachGroup, 28895, xpOrbB, 40089, , -193.7, -3854.4, -193.71997, -3854.3901
UpperReach.SwimEX, Baurs Reach, SpiritLight, 100, baursReachGroup, 28895, xpOrbC, 40242, , -239.4, -3920.6, -239.36255, -3920.6006
UpperReach.LightBurstTree, Baurs Reach, Ability, LightBurst, trees, 0, LightBurst, 51, , -106, -3934, -106.45276, -3928.5732
UpperReach.TreeOre, Baurs Reach, Resource, Ore, baursReachGroup, 28895, gorlekOreA, 39291, , -86.5, -3903.3, -86.392334, -3902.9707
UpperReach.WellEX, Baurs Reach, SpiritLight, 50, baursReachGroup, 28895, smallExpB, 7597, , -71.2, -3926.7, -71.150024, -3926.6802
UpperReach.SpringSeed, Baurs Reach, Quest, Seed, questUberStateGroup, 14019, gardenerSeedSpringCollected, 32376, , -103.4, -3857.3, -34, -3924
UpperReach.HiddenEX, Baurs Reach, SpiritLight, 200, baursReachGroup, 28895, largeExpOrb, 2129, , -172.4, -3928.0, -172.36182, -3927.9844
UpperDepths.EntrySpikesEX, Mouldwood Depths, SpiritLight, 100, mouldwoodDepthsGroup, 18793, mediumExpA, 19004, , 171.7, -4357.5, 171.74329, -4357.468
UpperDepths.EntryRoofEX, Mouldwood Depths, SpiritLight, 100, mouldwoodDepthsGroup, 18793, xpOrbC, 15396, , 146.3, -4374.6, 146.26799, -4374.602
UpperDepths.EntryOre, Mouldwood Depths, Resource, Ore, mouldwoodDepthsGroup, 18793, orePickupA, 35351, , 185.5, -4379.4, 185.49295, -4379.406
UpperDepths.RightEntryKS, Mouldwood Depths, Resource, Keystone, mouldwoodDepthsGroup, 18793, keystone, 1914, , 316.6, -4453.2, 316.56, -4453.2207
UpperDepths.LeftEntryKS, Mouldwood Depths, Resource, Keystone, mouldwoodDepthsGroup, 18793, keystoneA, 58148, , 146.1, -4425.7, 146.07999, -4425.6797
UpperDepths.SwimEC, Mouldwood Depths, Resource, Energy, mouldwoodDepthsGroup, 18793, energyContainerA, 26618, , 135.1, -4456.0, 135.11, -4454.84
UpperDepths.TeleporterEX, Mouldwood Depths, SpiritLight, 100, mouldwoodDepthsGroup, 18793, expOrbA, 29979, , 480.8, -4380.4, 480.76, -4380.42
UpperDepths.LeftHealthKS, Mouldwood Depths, Resource, Keystone, mouldwoodDepthsGroup, 18793, mouldwoodDepthsHKeystoneACollected, 53953, , 498.3, -4463.2, 498.3457, -4463.235
UpperDepths.RightHealthKS, Mouldwood Depths, Resource, Keystone, mouldwoodDepthsGroup, 18793, mouldwoodDepthsHKeystoneBCollected, 23986, , 523.8, -4465.1, 523.7621, -4465.0635
UpperDepths.LightcatcherSeed, Mouldwood Depths, Quest, Seed, questUberStateGroup, 14019, gardenerSeedBashCollected, 8192, , 488.0, -4431.6, 488.01028, -4431.5796
UpperDepths.BossPathEX, Mouldwood Depths, SpiritLight, 200, mouldwoodDepthsGroup, 18793, XPOrbA, 18395, , 567.3, -4443.4, 567.33655, -4443.362
UpperDepths.KeystoneHC, Mouldwood Depths, Resource, Life, mouldwoodDepthsGroup, 18793, healthCellB, 42235, , 530.9, -4451.7, 530.8901, -4450.72
UpperDepths.HiveEX, Mouldwood Depths, SpiritLight, 100, mouldwoodDepthsGroup, 18793, expOrbB, 6573, , 425.4, -4384.8, 425.41998, -4384.77
UpperDepths.ForestsEyes, Mouldwood Depths, Wisp, Eyes, mouldwoodDepthsGroup, 18793, bossReward, 63291, , 687, -4386, 687, -4386
LowerDepths.RaceStartHC, Mouldwood Depths, Resource, Life, mouldwoodDepthsGroup, 18793, healthCellA, 62694, , 496.4, -4498.2, 496.37314, -4497.1514
LowerDepths.SpiritTrial, Mouldwood Depths, SpiritLight, 1000, raceGroup, 44964, mouldwoodDepthsRace, 28552, 2, 478, -4517, 573.47345, -4510.134
LowerDepths.BelowDoorOre, Mouldwood Depths, Resource, Ore, mouldwoodDepthsGroup, 18793, orePickupA, 836, , 437.0, -4507.1, 436.98193, -4507.07
LowerDepths.SpiritSurgeShard, Mouldwood Depths, Shard, SpiritSurge, pickupsGroup, 23987, spiritPowerShardPickup, 986, , 564.2, -4570.2, 564.18604, -4569.2515
LowerDepths.HandToHandSilk, Mouldwood Depths, Quest, Silk, questUberStateGroup, 14019, tradeSequenceQuest, 26318, 7, 317, -4508, 317, -4508
LowerDepths.CombatShrine, Mouldwood Depths, Resource, ShardSlot, mouldwoodDepthsGroup, 18793, shrineEnemies, 31937, , 212.8, -4511.1, 212.81, -4510.07
LowerDepths.SwimEC, Mouldwood Depths, Resource, Energy, mouldwoodDepthsGroup, 18793, energyContainerA, 28175, , 324.7, -4534.8, 324.6847, -4533.8354
LowerDepths.LupoMap, Mouldwood Depths, Shop, LupoZoneMap, npcsStateGroup, 48248, hasMapMouldwoodDepths, 48423, , 682, -4576, 682, -4576
LowerDepths.LeftEX, Mouldwood Depths, SpiritLight, 100, mouldwoodDepthsGroup, 18793, expOrbB, 2881, , 385.8, -4523.5, 385.8384, -4523.4575
LowerDepths.RightEX, Mouldwood Depths, SpiritLight, 200, mouldwoodDepthsGroup, 18793, expOrbC, 23799, , 798.7, -4513.1, 798.72, -4513.07
LowerDepths.FlashTree, Mouldwood Depths, Ability, Flash, trees, 0, Flash, 62, , 776, -4541, 776.4115, -4536.4595
LowerWastes.WestTPOre, Windswept Wastes, Resource, Ore, desertAGroup, 7228, gorlekOre, 54494, , 1504.3, -4007.0, 1504.34, -4006.9902
LowerWastes.PurpleWallEX, Windswept Wastes, SpiritLight, 100, desertAGroup, 7228, collectableADesertA, 56821, , 1534.1, -3996.6, 1534.09, -3996.6396
LowerWastes.SunsetViewEX, Windswept Wastes, SpiritLight, 100, desertAGroup, 7228, collectableCDesertA, 52086, , 1607.3, -3974.5, 1607.25, -3974.4702
LowerWastes.SpiritTrial, Windswept Wastes, SpiritLight, 1000, raceGroup, 44964, desertRace, 30767, 2, 1527, -4009, 1580.71, -3898.5503
LowerWastes.SandBridgeOre, Windswept Wastes, Resource, Ore, windsweptWastesGroupDescriptor, 20120, gorlekOre, 46919, , 1657.9, -3972.7, 1657.88, -3972.6895
LowerWastes.EerieGemQI, Windswept Wastes, Quest, Gem, questUberStateGroup, 14019, mineGemItemCollected, 58342, , 1640.4, -4004.1, 1640.4, -4004.1
LowerWastes.MuncherTunnelEC, Windswept Wastes, Resource, Energy, windsweptWastesGroupDescriptor, 20120, energyHalfCell, 11785, , 1652.9, -4014.4, 1652.92, -4013.37
LowerWastes.SandPotHC, Windswept Wastes, Resource, Life, windsweptWastesGroupDescriptor, 20120, lifeCellA, 62264, , 1698.3, -3976.8, 1698.3113, -3975.7695
LowerWastes.SandPotEX, Windswept Wastes, SpiritLight, 100, windsweptWastesGroupDescriptor, 20120, xpOrbB, 57781, , 1718.8, -3961.0, 1718.82, -3961
LowerWastes.MuncherPitEX, Windswept Wastes, SpiritLight, 100, windsweptWastesGroupDescriptor, 20120, xpOrbB, 10397, , 1795.1, -3997.7, 1795.0698, -3997.7295
LowerWastes.BottomRightEX, Windswept Wastes, SpiritLight, 200, windsweptWastesGroupDescriptor, 20120, expOrb, 224, , 1886.7, -3972.6, 1886.6628, -3972.5933
LowerWastes.BottomRightHC, Windswept Wastes, Resource, Life, windsweptWastesGroupDescriptor, 20120, healthContainer, 12941, , 1859.5, -4020.9, 1859.4789, -4019.8506
LowerWastes.LastStandShard, Windswept Wastes, Shard, LastStand, pickupsGroup, 23987, lastResortShardPickup, 50364, , 1832.9, -3934.8, 1832.9, -3933.81
LowerWastes.LastStandEX, Windswept Wastes, SpiritLight, 200, windsweptWastesGroupDescriptor, 20120, expOrbB, 33275, , 1840.0, -3907.9, 1839.97, -3907.92
LowerWastes.MuncherClimbEX, Windswept Wastes, SpiritLight, 50, windsweptWastesGroupDescriptor, 20120, xpOrbA, 57133, , 1765.0, -3921.5, 1765, -3921.5
LowerWastes.SkeetoHiveEX, Windswept Wastes, SpiritLight, 100, windsweptWastesGroupDescriptor, 20120, xpOrbA, 8910, , 1642.1, -3944.1, 1642.1178, -3944.0781
LowerWastes.HandToHandMapstone, Windswept Wastes, Quest, Mapstone, questUberStateGroup, 14019, tradeSequenceQuest, 26318, 10, 1685, -3923, 1685, -3923
LowerWastes.LupoMap, Windswept Wastes, Shop, LupoZoneMap, npcsStateGroup, 48248, hasMapWindsweptWastes, 61146, , 1647, -3899, 1647, -3899
LowerWastes.BurrowTree, Windswept Wastes, Ability, Burrow, trees, 0, Grapple, 101, , 1583, -3930, 1582.2701, -3924.0415
LowerWastes.BurrowTreeEX, Windswept Wastes, SpiritLight, 100, windsweptWastesGroupDescriptor, 20120, xpOrbB, 19113, , 1600.9, -3953.7, 1600.9083, -3953.6802
LowerWastes.UpperPathEC, Windswept Wastes, Resource, Energy, windsweptWastesGroupDescriptor, 20120, energyContainer, 50026, , 1778.3, -3873.8, 1778.3434, -3872.7769
LowerWastes.UpperPathEX, Windswept Wastes, SpiritLight, 100, windsweptWastesGroupDescriptor, 20120, expOrbD, 48829, , 1810.3, -3883.9, 1810.3274, -3883.9126
LowerWastes.UpperPathHiddenEX, Windswept Wastes, SpiritLight, 200, windsweptWastesGroupDescriptor, 20120, expOrbE, 17798, , 1861.5, -3873.0, 1861.5, -3873
LowerWastes.UpperPathHC, Windswept Wastes, Resource, Life, windsweptWastesGroupDescriptor, 20120, halfLifeCell, 59046, , 1852.6, -3907.8, 1852.5974, -3906.812
LowerWastes.EastTPOre, Windswept Wastes, Resource, Ore, windsweptWastesGroupDescriptor, 20120, gorlekOreB, 40245, , 1930.1, -3878.0, 1930.075, -3877.9897
UpperWastes.LowerKS, Windswept Wastes, Resource, Keystone, desertAGroup, 7228, keystoneAUberState, 20282, , 1877.0, -3843.5, 1877.01, -3843.5098
UpperWastes.UpperKS, Windswept Wastes, Resource, Keystone, desertAGroup, 7228, keystoneBUberStateGroup, 62117, , 1822.9, -3768.1, 1822.88, -3768.0898
UpperWastes.TurmoilShard, Windswept Wastes, Shard, Turmoil, pickupsGroup, 23987, aggressorShardPickup, 48605, , 1778.5, -3782.6, 1778.5, -3781.6401
UpperWastes.KSDoorEX, Windswept Wastes, SpiritLight, 100, desertAGroup, 7228, expOrb, 35329, , 1907.4, -3805.7, 1907.404, -3805.7476
UpperWastes.LedgeEC, Windswept Wastes, Resource, Energy, windsweptWastesGroupDescriptor, 20120, energyOrbA, 22354, , 1948.9, -3777.6, 1948.85, -3776.6396
UpperWastes.MissileSpawnEX, Windswept Wastes, SpiritLight, 100, windsweptWastesGroupDescriptor, 20120, xpOrbA, 30740, , 1951.5, -3838.9, 1951.5122, -3838.94
UpperWastes.PurpleWallEX, Windswept Wastes, SpiritLight, 100, windsweptWastesGroupDescriptor, 20120, xpOrb, 52812, , 2006.5, -3826.0, 2006.5366, -3826.0234
UpperWastes.PurpleWallHC, Windswept Wastes, Resource, Life, windsweptWastesGroupDescriptor, 20120, lifeHalfCell, 18965, , 2027.6, -3842.6, 2027.5658, -3841.6318
UpperWastes.RoofEX, Windswept Wastes, SpiritLight, 100, windsweptWastesGroupDescriptor, 20120, xpOrbG, 2013, , 2026.3, -3728.9, 2026.2705, -3728.9238
UpperWastes.SpinLasersRightEX, Windswept Wastes, SpiritLight, 200, desertAGroup, 7228, xpOrbB, 54275, , 2006.2, -3725.4, 2006.21, -3725.4
UpperWastes.SpinLasersMiddleEX, Windswept Wastes, SpiritLight, 100, desertAGroup, 7228, xpOrbBUberState, 48993, , 1947.8, -3729.6, 1947.77, -3729.5498
UpperWastes.SpinLasersLowerEX, Windswept Wastes, SpiritLight, 100, desertAGroup, 7228, xpOrbAUberState, 61548, , 1935.2, -3755.1, 1935.16, -3755.1
UpperWastes.FlowersSeed, Windswept Wastes, Quest, Seed, questUberStateGroup, 14019, gardenerSeedFlowersCollected, 20601, , 1995.7, -3650.6, 1995.6826, -3650.5928
UpperWastes.WallOre, Windswept Wastes, Resource, Ore, desertAGroup, 7228, gorlekOre, 8370, , 1951.6, -3615.8, 1951.6055, -3615.8252
WindtornRuins.EscapeRevisitEC, Windtorn Ruins, Resource, Energy, windtornRuinsGroup, 10289, energyHalfCell, 44555, , 2053.7, -4050.2, 2053.74, -4049.1924
WindtornRuins.Seir, Windtorn Ruins, Wisp, Seir, windtornRuinsGroup, 10289, wispRewardPickup, 22102, , 2056, -3568, 2056, -3568
WindtornRuins.HandToHandComplete, Windtorn Ruins, Quest, Secrets, questUberStateGroup, 14019, tradeSequenceQuest, 26318, 11, 1969, -4024, 1969, -4024
WeepingRidge.Ore, Silent Woods, Resource, Ore, corruptedPeakGroup, 36153, gorlekOreA, 3013, , 1305.5, -3732.6, 1305.48, -3732.58
WeepingRidge.LaunchTree, Silent Woods, Ability, Launch, trees, 0, Launch, 8, , 1363, -3815, 1362.97, -3809.77
WeepingRidge.SpikeClimbEX, Silent Woods, SpiritLight, 200, corruptedPeakGroup, 36153, expOrb, 36521, , 1381.9, -3767.2, 1381.8734, -3767.157
WeepingRidge.PortalEX, Silent Woods, SpiritLight, 200, corruptedPeakGroup, 36153, xpOrbB, 12077, , 1331.1, -3797.6, 1331.0848, -3797.5515
WillowsEnd.SpikesOre, Willows End, Resource, Ore, willowsEndGroup, 16155, gorlekOreA, 38979, , 557.0, -3876.3, 556.97656, -3876.315
WillowsEnd.EntryEX, Willows End, SpiritLight, 200, willowsEndGroup, 16155, expOrbA, 49381, , 469.5, -3914.6, 469.46002, -3914.6375
WillowsEnd.PoisonfallHC, Willows End, Resource, Life, willowsEndGroup, 16155, healthCellA, 46270, , 410.8, -3972.5, 410.8423, -3971.4604
WillowsEnd.LupoMap, Willows End, Shop, LupoZoneMap, npcsStateGroup, 48248, hasMapWillowsEnd, 4045, , 474, -3859, 474, -3859
WillowsEnd.WindSpinOre, Willows End, Resource, Ore, willowsEndGroup, 16155, gorlekOreA, 9230, , 326.1, -3810.4, 326.07446, -3810.4468
WillowsEnd.RedirectEX, Willows End, SpiritLight, 200, willowsEndGroup, 16155, xpOrbA, 55446, , 653.6, -3780.1, 653.57104, -3780.0996
WillowsEnd.UpperLeftEX, Willows End, SpiritLight, 200, corruptedPeakGroup, 36153, expOrbA, 23902, , 433.5, -3639.7, 433.44998, -3639.69
WillowsEnd.UpperRightEX, Willows End, SpiritLight, 200, corruptedPeakGroup, 36153, expOrbB, 3662, , 540.3, -3655.0, 540.25415, -3654.963
TwillenShop.Overcharge, Shop, Shop, TwillenShard, twillenShop, 2, Overcharge, 1, , 0, 0, 0, 0
TwillenShop.TripleJump, Shop, Shop, TwillenShard, twillenShop, 2, TripleJump, 2, , 0, 0, 0, 0
TwillenShop.Wingclip, Shop, Shop, TwillenShard, twillenShop, 2, Wingclip, 3, , 0, 0, 0, 0
TwillenShop.Swap, Shop, Shop, TwillenShard, twillenShop, 2, Swap, 5, , 0, 0, 0, 0
TwillenShop.LightHarvest, Shop, Shop, TwillenShard, twillenShop, 2, LightHarvest, 19, , 0, 0, 0, 0
TwillenShop.Vitality, Shop, Shop, TwillenShard, twillenShop, 2, Vitality, 22, , 0, 0, 0, 0
TwillenShop.Energy, Shop, Shop, TwillenShard, twillenShop, 2, Energy, 26, , 0, 0, 0, 0
TwillenShop.Finesse, Shop, Shop, TwillenShard, twillenShop, 2, Finesse, 40, , 0, 0, 0, 0
OpherShop.WaterBreath, Shop, Shop, OpherWeapon, opherShop, 1, WaterBreath, 23, , 0, 0, 0, 0
OpherShop.Spike, Shop, Shop, OpherWeapon, opherShop, 1, Spike, 74, , 0, 0, 0, 0
OpherShop.SpiritSmash, Shop, Shop, OpherWeapon, opherShop, 1, SpiritSmash, 98, , 0, 0, 0, 0
OpherShop.Teleport, Shop, Shop, OpherWeapon, opherShop, 1, Teleport, 105, , 0, 0, 0, 0
OpherShop.SpiritStar, Shop, Shop, OpherWeapon, opherShop, 1, SpiritStar, 106, , 0, 0, 0, 0
OpherShop.Blaze, Shop, Shop, OpherWeapon, opherShop, 1, Blaze, 115, , 0, 0, 0, 0
OpherShop.Sentry, Shop, Shop, OpherWeapon, opherShop, 1, Sentry, 116, , 0, 0, 0, 0
OpherShop.ExplodingSpike, Shop, Shop, OpherWeapon, opherShop, 1, ExplodingSpike, 1074, , 0, 0, 0, 0
OpherShop.ShockSmash, Shop, Shop, OpherWeapon, opherShop, 1, ShockSmash, 1098, , 0, 0, 0, 0
OpherShop.StaticStar, Shop, Shop, OpherWeapon, opherShop, 1, StaticStar, 1106, , 0, 0, 0, 0
OpherShop.ChargeBlaze, Shop, Shop, OpherWeapon, opherShop, 1, ChargeBlaze, 1115, , 0, 0, 0, 0
OpherShop.RapidSentry, Shop, Shop, OpherWeapon, opherShop, 1, RapidSentry, 1116, , 0, 0, 0, 0
LupoShop.HCMapIcon, Shop, Shop, LupoMap, lupoShop, 15, HCMapIcon, 19396, , 0, 0, -209, -4162
LupoShop.ECMapIcon, Shop, Shop, LupoMap, lupoShop, 15, ECMapIcon, 57987, , 0, 0, -209, -4162
LupoShop.ShardMapIcon, Shop, Shop, LupoMap, lupoShop, 15, ShardMapIcon, 41666, , 0, 0, -209, -4162
