NodeIdentifier, Zone, PickupType, PickupDetails, UberGroup, UberId, UberStateValue, X, Y, MapX, MapY
MarshSpawn.RockHC, Marsh, HealthFragment, , 21786, 60210, , -958.6, -4313.2, -958.6199, -4312.245
MarshSpawn.FirstPickupEX, Marsh, SpiritLight, 50, 21786, 49485, , -764.1, -4313.4, -764.07, -4313.3604
MarshSpawn.GrappleHC, Marsh, HealthFragment, , 21786, 25761, , -718.5, -4277.9, -718.4848, -4276.8516
MarshSpawn.BridgeEX, Marsh, SpiritLight, 50, 21786, 6987, , -739.6, -4324.3, -739.64703, -4324.341
MarshSpawn.ResilienceShard, Marsh, Shard, Resilience, 23987, 59173, , -791.0, -4334.0, -791.0159, -4333.0396
MarshSpawn.ResilienceOre, Marsh, GorlekOre, , 21786, 29892, , -810.9, -4334.6, -810.91595, -4334.57
MarshSpawn.BashEC, Marsh, EnergyFragment, , 21786, 7152, , -667.8, -4329.7, -667.8059, -4328.67
MarshSpawn.PreLupoEX, Marsh, SpiritLight, 50, 9593, 5929, , -656.8, -4342.1, -656.7713, -4342.064
MarshSpawn.LupoMap, Marsh, Lupo, Marsh, 48248, 18767, , -589, -4348, -589, -4348
MarshSpawn.RegenTree, Marsh, Skill, Regenerate, 0, 77, , -539, -4406, -540.16003, -4400.4663
MarshSpawn.LeverEC, Marsh, EnergyFragment, , 21786, 17920, , -625.9, -4418.0, -625.87, -4417.03
MarshSpawn.LeftTokkEX, Marsh, SpiritLight, 50, 21786, 59513, , -755.8, -4422.9, -755.80414, -4422.9463
MarshSpawn.FightRoomEX, Marsh, SpiritLight, 50, 9593, 42047, , -783.3, -4452.0, -783.30786, -4451.996
MarshSpawn.CaveKS, Marsh, Keystone, , 21786, 64677, , -851.8, -4403.2, -851.8496, -4403.1885
MarshSpawn.TokkKeystoneQuest, Marsh, QuestItem, Keystone, 48248, 51645, 3, -695, -4417, -692, -4415.9
MarshSpawn.CaveOre, Marsh, GorlekOre, , 9593, 23858, , -858.0, -4422.2, -858.04, -4422.17
MarshSpawn.LongSwimEX, Marsh, SpiritLight, 100, 21786, 23154, , -837.5, -4314.6, -837.45593, -4314.53
MarshSpawn.BurrowOre, Marsh, GorlekOre, , 9593, 20382, , -935.1, -4356.8, -935.05, -4356.8
MarshSpawn.LifepactShard, Marsh, Shard, LifePact, 23987, 50415, , -916.7, -4398.3, -916.65, -4397.33
MarshSpawn.BurrowsApproachLedgeEX, Marsh, SpiritLight, 50, 24922, 32076, , -1002.0, -4450.8, -1002.0159, -4450.79
MarshSpawn.CrusherSwimEX, Marsh, SpiritLight, 200, 24922, 62138, , -979.7, -4509.3, -979.67, -4509.34
MarshSpawn.TokkTabletQuest, Marsh, QuestItem, 1000 SpiritLight, 48248, 18458, 4, -932, -4494, -928.5, -4491.8
MarshSpawn.RecklessShard, Marsh, Shard, Reckless, 23987, 9864, , -499.2, -4411.0, -499.24, -4409.98
MarshSpawn.MokkEX, Marsh, SpiritLight, 50, 21786, 43668, , -434.3, -4419.8, -434.31998, -4419.7603
MarshSpawn.FangEC, Marsh, EnergyFragment, , 21786, 61706, , -233.4, -4384.4, -233.37244, -4383.35
MarshSpawn.FangQI, Marsh, QuestItem, Fang, 14019, 27539, , -221.9, -4406.5, -221.93663, -4406.473
MarshSpawn.MokkFangQuest, Marsh, QuestItem, GorlekOre, 14019, 15983, 3, -391, -4414, -388.5, -4412.6
MarshSpawn.DamageTree, Marsh, Skill, AncestralLight, 0, 121, , -840, -4488, -840.43994, -4484.155
MarshSpawn.PoolsPathEX, Marsh, SpiritLight, 200, 21786, 21727, , -1014.5, -4268.0, -1014.5, -4268
MidnightBurrows.LeftKS, Burrows, Keystone, , 24922, 60358, , -799.5, -4579.5, -799.54, -4579.5
MidnightBurrows.RightKS, Burrows, Keystone, , 24922, 47244, , -597.4, -4548.3, -597.37006, -4548.3047
MidnightBurrows.UpperKS, Burrows, Keystone, , 24922, 34250, , -725.2, -4520.3, -725.24506, -4520.34
MidnightBurrows.LowerKS, Burrows, Keystone, , 24922, 33535, , -703.8, -4607.2, -703.79, -4607.195
MidnightBurrows.LupoMap, Burrows, Lupo, Burrows, 48248, 45538, , -870, -4555, -870, -4555
MidnightBurrows.DeflectorShard, Burrows, Shard, Deflector, 24922, 46311, , -773.6, -4527.5, -773.63, -4526.525
MidnightBurrows.TabletQI, Burrows, QuestItem, Tablet, 14019, 52747, , -848.7, -4529.1, -848.74, -4529.09
HowlsDen.RightHC, Marsh, HealthFragment, , 21786, 28908, , -332.3, -4438.6, -332.26, -4437.58
HowlsDen.LeftHC, Marsh, HealthFragment, , 9593, 61304, , -569.7, -4454.1, -569.7299, -4453.08
HowlsDen.AboveDoorKS, Marsh, Keystone, , 21786, 22068, , -439.5, -4461.4, -439.52002, -4461.38
HowlsDen.MagnetShard, Marsh, Shard, Magnet, 21786, 63545, , -239.2, -4440.4, -239.20001, -4439.38
HowlsDen.SwordTree, Marsh, Skill, SpiritEdge, 0, 100, , -296, -4483, -296, -4478
HowlsDen.BoneOre, Marsh, GorlekOre, , 21786, 2046, , -432.6, -4503.3, -432.58002, -4503.26
HowlsDen.AboveTPEX, Marsh, SpiritLight, 50, 21786, 16206, , -388.6, -4502.7, -388.58002, -4502.74
HowlsDen.LaserKS, Marsh, Keystone, , 21786, 2852, , -399.9, -4567.2, -399.94, -4567.21
HowlsDen.CombatShrine, Marsh, ShardSlot, , 24922, 13993, , -328.1, -4565.5, -328.07, -4564.52
HowlsDen.DoubleJumpEX, Marsh, SpiritLight, 50, 9593, 17818, , -507.9, -4536.6, -507.89798, -4536.5684
HowlsDen.StickyShard, Marsh, Shard, Sticky, 23987, 27134, , -547.8, -4529.3, -547.82, -4528.2896
HowlsDen.DoubleJumpTree, Marsh, Skill, DoubleJump, 0, 5, , -555, -4551, -555.25, -4546.7656
MarshPastOpher.TrialLeftEX, Marsh, SpiritLight, 100, 9593, 5253, , -527.9, -4354.1, -527.93005, -4354.1196
MarshPastOpher.TrialOre, Marsh, GorlekOre, , 9593, 25989, , -501.5, -4340.0, -501.49002, -4340.0293
MarshPastOpher.TrialEC, Marsh, EnergyFragment, , 9593, 27562, , -473.8, -4339.6, -473.83002, -4338.5796
MarshPastOpher.TrialHC, Marsh, HealthFragment, , 21786, 20194, , -437.7, -4380.8, -437.67, -4379.8403
MarshPastOpher.TrialRightEX, Marsh, SpiritLight, 100, 21786, 10413, , -344.1, -4356.9, -344.07, -4356.92
MarshPastOpher.SpiritTrial, Marsh, RaceStart, 1000, 44964, 45951, 2, -614, -4319, -614.2, -4317.2
MarshPastOpher.CombatShrine, Marsh, ShardSlot, , 21786, 18109, , -382.6, -4338.3, -382.63397, -4337.3223
MarshPastOpher.SwingPoleEX, Marsh, SpiritLight, 50, 9593, 59344, , -492.7, -4261.3, -492.66, -4261.27
MarshPastOpher.LeftEyestone, Marsh, Keystone, Eyestone, 21786, 27433, , -461.3, -4195.3, -461.27002, -4195.29
MarshPastOpher.RightEyestone, Marsh, Keystone, Eyestone, 21786, 37225, , -394.0, -4188.3, -393.96918, -4188.325
MarshPastOpher.BowEC, Marsh, EnergyFragment, , 21786, 10295, , -421.5, -4272.4, -421.49, -4271.3896
MarshPastOpher.BowTree, Marsh, Skill, SpiritArc, 0, 97, , -457, -4267, -457.04626, -4261.291
MarshPastOpher.CeilingEX, Marsh, SpiritLight, 100, 21786, 50255, , -641.3, -4223.0, -641.2577, -4223.0117
MarshPastOpher.PoolsPathEC, Marsh, EnergyFragment, , 9593, 26457, , -662.8, -4186.5, -662.76996, -4185.5103
MarshPastOpher.PoolsPathEX, Marsh, SpiritLight, 200, 945, 10833, , -802.3, -4186.1, -802.3163, -4186.148
WestHollow.CrusherHC, Hollow, HealthFragment, , 937, 61897, , -254.6, -4224.1, -254.58763, -4223.121
WestHollow.FarLeftEX, Hollow, SpiritLight, 50, 937, 16163, , -357.7, -4294.4, -357.67212, -4294.3525
WestHollow.RockPuzzleEX, Hollow, SpiritLight, 50, 937, 2538, , -296.9, -4292.9, -296.9477, -4292.9487
WestHollow.HiddenEC, Hollow, EnergyFragment, , 937, 8518, , -238.4, -4301.5, -238.39, -4300.48
WestHollow.QuickshotShard, Hollow, Shard, Quickshot, 23987, 61017, , -311.2, -4325.5, -311.181, -4324.4873
WestHollow.SwimEC, Hollow, EnergyFragment, , 937, 24175, , -177.8, -4354.2, -177.8136, -4353.2246
WestHollow.LupoMap, Hollow, Lupo, Hollow, 48248, 3638, , -146, -4321, -146, -4321
WestHollow.TrialHC, Hollow, HealthFragment, , 937, 2463, , -122.0, -4268.2, -121.979996, -4267.23
WestHollow.SpiritTrial, Hollow, RaceStart, 1000, 44964, 25545, 2, -115, -4259, -115, -4257.2
WestHollow.FallingSlugEX, Hollow, SpiritLight, 50, 937, 48192, , -82.3, -4369.6, -82.32001, -4369.565
WestHollow.AboveDashEX, Hollow, SpiritLight, 50, 937, 61744, , -100.0, -4407.2, -99.98999, -4407.225
WestHollow.DashRightEX, Hollow, SpiritLight, 50, 937, 37926, , 11.6, -4401.1, 11.600098, -4401.12
WestHollow.CrusherEX, Hollow, SpiritLight, 200, 937, 50176, , -37.5, -4452.6, -37.47986, -4452.6426
WestHollow.DashTree, Hollow, Skill, Dash, 0, 102, , -69, -4453, -69.149994, -4448.132
EastHollow.HandToHandMap, Hollow, QuestItem, Map, 14019, 26318, 1, -110, -4220, -112.2, -4218.3
EastHollow.GladesApproachOre, Hollow, GorlekOre, , 937, 10729, , -97.6, -4190.1, -97.55, -4190.1
EastHollow.HornBeetleFightEX, Hollow, SpiritLight, 50, 937, 13413, , -86.0, -4210.3, -86.03, -4210.3
EastHollow.SpikeLanternEX, Hollow, SpiritLight, 50, 937, 5568, , -55.3, -4200.8, -55.270004, -4200.82
EastHollow.SecretRoofEX, Hollow, SpiritLight, 100, 937, 45987, , 8.9, -4197.7, 8.927444, -4197.656
EastHollow.MortarEX, Hollow, SpiritLight, 100, 937, 19529, , 57.5, -4189.3, 57.47223, -4189.3438
EastHollow.BashEC, Hollow, EnergyFragment, , 937, 23772, , 46.8, -4236.6, 46.772675, -4235.625
EastHollow.BashHC, Hollow, HealthFragment, , 13428, 59730, , 84.0, -4263.0, 84.0289, -4262.0195
EastHollow.BashEX, Hollow, SpiritLight, 100, 937, 30182, , -31.4, -4302.3, -31.656738, -4301.913
EastHollow.BashTree, Hollow, Skill, Bash, 0, 0, , -20, -4326, -20.328445, -4319.618
EastHollow.KwolokAmuletQuest, Hollow, QuestItem, 500 SpiritLight, 14019, 50597, 4, 240, -4207, 240.1, -4207.5
EastHollow.RightKwolokEX, Hollow, SpiritLight, 100, 58674, 20983, , 289.0, -4195.7, 289.0374, -4195.708
EastHollow.SilentSwimEC, Hollow, EnergyFragment, , 58674, 9583, , 331.9, -4191.3, 331.87, -4190.344
EastHollow.SplinterShard, Hollow, Shard, Splinter, 23987, 62973, , 216.2, -4307.3, 216.17882, -4306.3125
EastHollow.ForestsVoice, Hollow, Wisp, Voice, 46462, 59806, , 186, -4213, 180, -4210
EastHollow.WellspringDoneTalk, Hollow, QuestItem, 500 SpiritLight, 937, 34641, 4, 191, -4212, 191.054, -4212.027
EastHollow.KwolokSwimOre, Hollow, GorlekOre, , 46462, 37897, , 243.4, -4223.5, 243.44835, -4223.517
EastHollow.KwolokSwimLeftEX, Hollow, SpiritLight, 200, 46462, 29054, , 113.0, -4228.5, 113, -4228.5
EastHollow.KwolokSwimRightEX, Hollow, SpiritLight, 50, 46462, 20780, , 161.5, -4244.8, 161.49835, -4244.7866
EastHollow.DepthsExteriorEX, Hollow, SpiritLight, 100, 18793, 42980, , 130.9, -4272.0, 130.83775, -4271.6465
GladesTown.HandToHandPouch, Glades, QuestItem, Pouch, 14019, 26318, 2, -282, -4155, -285.9, -4153.8
GladesTown.HandToHandLantern, Glades, QuestItem, Lantern, 14019, 26318, 6, -426, -4155, -428.7, -4153.2
GladesTown.HandToHandCanteen, Glades, QuestItem, Canteen, 14019, 26318, 9, -410, -4142, -403.2, -4142
GladesTown.FamilyReunionKey, Glades, QuestItem, Key, 6, 500, , -385, -4161, -382, -4155.3
GladesTown.AcornQI, Glades, QuestItem, Acorn, 14019, 2782, , -10.5, -4549.7, -366, -4183.6
GladesTown.MokiAcornQuest, Glades, QuestItem, 500 SpiritLight, 14019, 33776, 3, -358, -4185, -360.1, -4183.6
GladesTown.HoleHutEC, Glades, EnergyFragment, , 42178, 52786, , -116.0, -4538.5, -227.72, -4092.33
GladesTown.AboveGromHC, Glades, HealthFragment, , 44310, 29043, , -326.3, -4102.1, -326.30994, -4101.12
GladesTown.LupoSwimHC, Glades, HealthFragment, , 44310, 17523, , -160.4, -4192.2, -160.3623, -4191.1562
GladesTown.UpperOre, Glades, GorlekOre, , 42178, 27110, , -418.4, -4103.5, -418.39633, -4103.5366
GladesTown.LowerOre, Glades, GorlekOre, , 42178, 23125, , -415.7, -4173.6, -415.66016, -4173.553
GladesTown.ArcingShard, Glades, Shard, Arcing, 23987, 23015, , -324.4, -4134.1, -324.43, -4133.08
GladesTown.BountyShard, Glades, Shard, Bounty, 23987, 14014, , -247.3, -4105.0, -247.53546, -4103.873
GladesTown.LupoSoupEX, Glades, SpiritLight, 100, 42178, 51468, , -160.8, -4521.3, -212.3, -4162
GladesTown.BraveMokiHutEX, Glades, SpiritLight, 100, 42178, 13327, , -176.7, -4541.0, -326.2, -4118.47
GladesTown.MotayHutEX, Glades, SpiritLight, 100, 42178, 57455, , -172.7, -4583.2, -392.8, -4130.6
GladesTown.HoleHutEX, Glades, SpiritLight, 100, 42178, 30520, , -118.5, -4520.3, -220.72, -4090.33
GladesTown.UpperLeftEX, Glades, SpiritLight, 100, 42178, 59623, , -373.8, -4102.9, -373.7733, -4102.89
GladesTown.LupoSwimMiddleEX, Glades, SpiritLight, 100, 42178, 9780, , -224.4, -4160.6, -224.35947, -4160.638
GladesTown.CaveBurrowEX, Glades, SpiritLight, 100, 42178, 18448, , -307.5, -4166.8, -307.53635, -4166.828
GladesTown.BelowHoleHutEX, Glades, SpiritLight, 100, 42178, 6117, , -232.1, -4106.8, -232.11626, -4106.6367
GladesTown.KeyMokiHutEX, Glades, SpiritLight, 100, 42178, 51934, , -119.6, -4558.7, -386.66, -4156.72
GladesTown.AboveTpEX, Glades, SpiritLight, 50, 42178, 42762, , -307.1, -4118.7, -307.31543, -4118.597
GladesTown.AboveCaveEX, Glades, SpiritLight, 50, 42178, 30206, , -364.4, -4171.3, -364.37766, -4171.2876
GladesTown.LupoSwimLeftEX, Glades, SpiritLight, 50, 42178, 37028, , -277.1, -4171.8, -277.13055, -4171.818
GladesTown.UpdraftCeilingEX, Glades, SpiritLight, 50, 42178, 63404, , -239.6, -4129.9, -239.55182, -4129.9424
GladesTown.LeafPileEX, Glades, SpiritLight, 50, 42178, 44748, , -160.6, -4098.2, -160.66998, -4096.58
GladesTown.DamageTree, Glades, Skill, AncestralLight, 0, 120, , -368, -4158, -368.17413, -4153.7295
GladesTown.RebuildTheGlades, Glades, QuestItem, 1000 SpiritLight, 14019, 44578, 2, -322, -4153, -328.5, -4150.1
GladesTown.TwillenGemQuest, Glades, QuestItem, Shard, 23987, 14832, , -408, -4162, -406, -4158.9
GladesTown.RegrowTheGlades, Glades, QuestItem, 1000 SpiritLight, 14019, 26394, 2, -173, -4139, -176, -4134.7
WestGlades.GrappleEX, Glades, SpiritLight, 100, 53632, 12019, , -515.3, -4102.5, -515.32, -4102.47
WestGlades.AbovePlantEX, Glades, SpiritLight, 100, 937, 31036, , -586.1, -4090.3, -586.0541, -4090.2927
WestGlades.LowerPoolEX, Glades, SpiritLight, 50, 937, 40657, , -586.0, -4128.8, -586.03, -4128.8
WestGlades.UpperPoolEX, Glades, SpiritLight, 100, 937, 45744, , -631.8, -4087.5, -631.78, -4087.51
WestGlades.SwimEC, Glades, EnergyFragment, , 937, 17761, , -690.3, -4114.5, -690.27, -4113.5
WestGlades.LeftOre, Glades, GorlekOre, , 937, 6703, , -690.1, -4097.4, -690.07654, -4097.43
WestGlades.RightOre, Glades, GorlekOre, , 937, 11846, , -559.7, -4062.7, -559.67, -4062.74
WestGlades.ShrineHC, Glades, HealthFragment, , 44310, 36911, , -688.5, -4007.9, -688.5299, -4006.8901
WestGlades.CombatShrine, Glades, ShardSlot, , 44310, 9902, , -635.4, -4016.2, -635.35, -4015.19
OuterWellspring.RightWallOre, Wellspring, GorlekOre, , 53632, 25556, , -738.7, -4017.7, -738.6675, -4017.652
OuterWellspring.RightWallEC, Wellspring, EnergyFragment, , 53632, 1911, , -735.3, -3988.3, -735.25366, -3987.25
OuterWellspring.RightWallEX, Wellspring, SpiritLight, 100, 53632, 51706, , -745.1, -3942.0, -745.0513, -3941.9956
OuterWellspring.TrialOre, Wellspring, GorlekOre, , 37858, 58286, , -677.7, -3933.2, -677.7317, -3933.1733
OuterWellspring.SpiritTrial, Wellspring, RaceStart, 1000, 44964, 11512, 2, -668, -3937, -668.35, -3935.0403
OuterWellspring.UltraGrappleShard, Wellspring, Shard, UltraGrapple, 23987, 12104, , -798.7, -3912.2, -798.66003, -3911.1501
OuterWellspring.HiddenHC, Wellspring, HealthFragment, , 53632, 17403, , -877.8, -3961.0, -877.8399, -3959.99
OuterWellspring.EntranceRoofEX, Wellspring, SpiritLight, 100, 53632, 42264, , -848.9, -4023.5, -848.91876, -4023.5227
OuterWellspring.WheelEX, Wellspring, SpiritLight, 100, 53632, 6500, , -898.5, -4066.7, -898.4592, -4061.278
OuterWellspring.BasementEC, Wellspring, EnergyFragment, , 53632, 6869, , -857.0, -4115.5, -857.0315, -4114.5103
OuterWellspring.LifeHarvestShard, Wellspring, Shard, LifeHarvest, 23987, 53934, , -999.2, -4029.4, -999.22, -4028.35
OuterWellspring.SwimEX, Wellspring, SpiritLight, 100, 53632, 62356, , -824.6, -4084.8, -824.5987, -4084.8445
OuterWellspring.SwimOre, Wellspring, GorlekOre, , 53632, 21124, , -760.5, -4093.2, -760.547, -4093.22
OuterWellspring.TheLostCompass, Wellspring, QuestItem, GorlekOre, 14019, 20667, 3, -811, -3973, -805, -3970.9
InnerWellspring.ThornShard, Wellspring, Shard, Thorn, 23987, 31426, , -1375.8, -3994.2, -1375.77, -3993.22
InnerWellspring.ThornEX, Wellspring, SpiritLight, 100, 37858, 22107, , -1371.9, -3938.5, -1371.89, -3938.49
InnerWellspring.ThreeWheelsEX, Wellspring, SpiritLight, 50, 37858, 45906, , -1247.0, -3926.7, -1247.04, -3926.73
InnerWellspring.WaterSwitchEX, Wellspring, SpiritLight, 100, 37858, 45656, , -1197.2, -3971.9, -1197.15, -3971.94
InnerWellspring.DrainHC, Wellspring, HealthFragment, , 37858, 25833, , -1168.6, -3989.6, -1168.589, -3988.6418
InnerWellspring.DrainEX, Wellspring, SpiritLight, 100, 37858, 41380, , -1063.4, -3961.1, -1063.43, -3961.1272
InnerWellspring.LaserOre, Wellspring, GorlekOre, , 37858, 58846, , -1077.3, -3936.4, -1077.2742, -3936.3518
InnerWellspring.LeverEC, Wellspring, EnergyFragment, , 37858, 57552, , -1109.4, -3864.0, -1109.36, -3862.95
InnerWellspring.LupoEX, Wellspring, SpiritLight, 100, 37858, 41911, , -1142.4, -3861.8, -1142.36, -3861.79
InnerWellspring.LupoMap, Wellspring, Lupo, Wellspring, 48248, 1590, , -1190, -3861, -1190, -3861
InnerWellspring.ShortcutWheelEX, Wellspring, SpiritLight, 200, 37858, 33063, , -1227.6, -3910.5, -1227.6171, -3910.532
InnerWellspring.GrappleTreeEX, Wellspring, SpiritLight, 100, 37858, 31136, , -1307.6, -3884.3, -1307.8835, -3883.543
InnerWellspring.GrappleTree, Wellspring, Skill, Grapple, 0, 57, , -1309, -3905, -1309.2, -3899.3662
InnerWellspring.AboveSpinArenaEX, Wellspring, SpiritLight, 200, 37858, 64086, , -1236.5, -3739.3, -1236.5, -3739.34
InnerWellspring.HandToHandHerbs, Wellspring, QuestItem, Herbs, 14019, 26318, 3, -1168, -3733, -1165.6, -3730.9
InnerWellspring.RotateRoomEX, Wellspring, SpiritLight, 100, 37858, 52110, , -1151.4, -3840.1, -1151.4448, -3840.1448
InnerWellspring.RotateRoomOre, Wellspring, GorlekOre, , 37858, 47533, , -1178.0, -3755.0, -1178.03, -3755.02
InnerWellspring.NeedleQI, Wellspring, QuestItem, Needle, 53632, 41227, , -1185.5, -3696.3, -1185.467, -3696.261
InnerWellspring.LibraryEX, Wellspring, SpiritLight, 100, 37858, 59022, , -1252.2, -3681.8, -1252.1917, -3681.7656
InnerWellspring.AboveTpEX, Wellspring, SpiritLight, 50, 37858, 2797, , -1316.6, -3663.6, -1316.5791, -3663.5505
InnerWellspring.BlueMoonSeed, Wellspring, QuestItem, Seed, 14019, 24142, , -1185.4, -3668.8, -1185.4348, -3668.7515
InnerWellspring.SwimOre, Wellspring, GorlekOre, , 37858, 32932, , -1203.9, -3715.7, -1203.8998, -3715.6865
InnerWellspring.EscapeRevisitEX, Wellspring, SpiritLight, 100, 37858, 56444, , -1313.1, -3640.1, -1313.1079, -3640.099
InnerWellspring.WaterEscape, Wellspring, QuestItem, Water, 37858, 12379, , -481, -3763, -1159, -3635
PoolsApproach.MarshPathCurrentEX, Pools, SpiritLight, 100, 945, 10682, , -1047.3, -4216.8, -1047.3401, -4216.82
PoolsApproach.AboveWheelEX, Pools, SpiritLight, 100, 945, 14530, , -940.7, -4144.7, -940.6959, -4144.7227
PoolsApproach.MillPathHC, Pools, HealthFragment, , 945, 37243, , -850.6, -4195.6, -850.61, -4194.55
PoolsApproach.MillPathEC, Pools, EnergyFragment, , 945, 21334, , -924.3, -4169.5, -924.2717, -4168.4663
PoolsApproach.MillPathEX, Pools, SpiritLight, 100, 945, 58723, , -894.4, -4137.2, -894.4155, -4137.1816
EastPools.RightOre, Pools, GorlekOre, , 5377, 34852, , -1134.6, -4115.9, -1134.4833, -4115.717
EastPools.KwolokAmuletQI, Pools, QuestItem, Amulet, 14019, 53103, , -1173, -4154, -1175.1, -4153.1
EastPools.TwoCrushersEX, Pools, SpiritLight, 100, 5377, 13832, , -1176.4, -4177.9, -1176.3883, -4177.9414
EastPools.BubbleCurrentEX, Pools, SpiritLight, 100, 5377, 17396, , -1214.3, -4182.0, -1214.2803, -4181.966
EastPools.BelowLeverEX, Pools, SpiritLight, 100, 5377, 27204, , -1230.6, -4125.7, -1230.6019, -4125.742
EastPools.AboveDoorOre, Pools, GorlekOre, , 5377, 19694, , -1248.7, -4139.0, -1248.6624, -4139.0425
EastPools.PurpleWallHC, Pools, HealthFragment, , 5377, 63201, , -1277.9, -4086.0, -1277.9425, -4085.0483
EastPools.HandToHandSpyglass, Pools, QuestItem, Spyglass, 14019, 26318, 8, -1284, -4126, -1281.5, -4124.4
EastPools.AboveTpEX, Pools, SpiritLight, 100, 5377, 7540, , -1336.2, -4102.9, -1336.2295, -4102.91
EastPools.LupoOre, Pools, GorlekOre, , 5377, 12235, , -1370.0, -4166.2, -1369.9664, -4166.21
EastPools.UltraBashShard, Pools, Shard, UltraBash, 23987, 25996, , -1284.6, -4196.2, -1284.62, -4195.23
EastPools.FightRoomHC, Pools, HealthFragment, , 5377, 45774, , -1365.2, -4109.5, -1365.1549, -4108.4673
EastPools.SpiritTrial, Pools, RaceStart, 1000, 44964, 54686, 2, -1417, -4126, -1416.7532, -4124.448
EastPools.EnergyHarvestShard, Pools, Shard, EnergyHarvest, 5377, 40328, , -1441.4, -4129.7, -1441.3499, -4128.7153
EastPools.LupoEX, Pools, SpiritLight, 100, 5377, 35440, , -1414.3, -4154.6, -1414.3197, -4154.631
EastPools.LupoMap, Pools, Lupo, Pools, 48248, 1557, , -1391, -4167, -1391, -4167
EastPools.BehindCrusherEX, Pools, SpiritLight, 100, 5377, 18345, , -1430.7, -4180.9, -1430.7302, -4180.8726
EastPools.GrassSeed, Pools, QuestItem, Seed, 14019, 28662, , -1528.0, -4140.0, -1527.96, -4140
UpperPools.LowerKS, Pools, Keystone, , 5377, 46926, , -1576.1, -4125.4, -1576.125, -4125.4326
UpperPools.UpperLeftKS, Pools, Keystone, , 5377, 35091, , -1547.8, -4080.7, -1547.785, -4080.7402
UpperPools.UpperMidKS, Pools, Keystone, , 5377, 16426, , -1537.9, -4074.0, -1537.88, -4074.0479
UpperPools.UpperRightKS, Pools, Keystone, , 5377, 41881, , -1517.7, -4079.1, -1517.7151, -4079.0723
UpperPools.FishPoolEX, Pools, SpiritLight, 50, 5377, 33110, , -1568.0, -4063.2, -1568.0227, -4063.1929
UpperPools.FishPoolOre, Pools, GorlekOre, , 5377, 31434, , -1535.3, -4034.0, -1535.311, -4034.042
UpperPools.BubblesEC, Pools, EnergyFragment, , 5377, 1600, , -1643.0, -4002.7, -1643.001, -4001.6646
UpperPools.RightBubblesEX, Pools, SpiritLight, 200, 5377, 628, , -1572.3, -4076.9, -1572.3201, -4076.915
UpperPools.LeftBubblesEX, Pools, SpiritLight, 100, 5377, 21860, , -1645.0, -4083.8, -1645.0286, -4083.81
UpperPools.SwimDashTree, Pools, Skill, SwimDash, 0, 104, , -1430, -4082, -1429.8096, -4077.332
UpperPools.SwimDashCurrentEX, Pools, SpiritLight, 100, 5377, 52791, , -1468.1, -4098.2, -1468.1074, -4098.208
UpperPools.RoofEX, Pools, SpiritLight, 100, 5377, 33180, , -1449.0, -4036.8, -1449.0184, -4036.8418
UpperPools.WaterfallEC, Pools, EnergyFragment, , 5377, 32750, , -1389.0, -4039.5, -1388.9896, -4038.5205
WestPools.BurrowEX, Pools, SpiritLight, 200, 5377, 62180, , -1654.9, -4188.9, -1654.9425, -4188.8804
WestPools.BurrowOre, Pools, GorlekOre, , 5377, 65019, , -1769.9, -4125.0, -1769.8546, -4124.9766
WestPools.TpEX, Pools, SpiritLight, 50, 5377, 25391, , -1650.6, -4160.0, -1650.59, -4160.0103
WestPools.EscapeRevisitEX, Pools, SpiritLight, 100, 5377, 44122, , -1654.7, -4142.7, -1654.6708, -4142.69
WestPools.ForestsStrength, Pools, Wisp, Strength, 945, 49747, , -1928, -4066, -1928, -4066
WoodsEntry.LastTreeBranch, Woods, QuestItem, Branch, 14019, 59708, 1, 513, -4158, 513, -4158
WoodsEntry.DollQI, Woods, QuestItem, Doll, 14019, 57399, , 426.7, -4114.9, 469.2, -4178
WoodsEntry.TreeSeed, Woods, QuestItem, Seed, 14019, 7470, , 513, -4159, 511, -4157
WoodsEntry.MudPitEX, Woods, SpiritLight, 50, 58674, 8487, , 513.8, -4184.9, 513.7701, -4184.88
WoodsEntry.LedgeOre, Woods, GorlekOre, , 58674, 28710, , 410.5, -4173.8, 410.37, -4173.6704
WoodsEntry.LeafPileEX, Woods, SpiritLight, 50, 58674, 22472, , 485.1, -4164.3, 485.1499, -4164.5
WoodsEntry.TpEX, Woods, SpiritLight, 50, 58674, 59691, , 629.0, -4155.3, 629.00824, -4155.2783
WoodsEntry.LowerKS, Woods, Keystone, , 58674, 40073, , 690.3, -4189.3, 690.28, -4189.34
WoodsEntry.UpperKS, Woods, Keystone, , 58674, 11736, , 640.7, -4165.8, 640.70996, -4165.76
WoodsMain.RightKS, Woods, Keystone, , 58674, 43033, , 955.7, -4147.9, 955.73, -4147.91
WoodsMain.UpperKS, Woods, Keystone, , 58674, 19769, , 907.7, -4121.4, 907.7, -4121.4
WoodsMain.LeftKS, Woods, Keystone, , 58674, 42531, , 886.1, -4124.2, 886.07996, -4124.18
WoodsMain.LowerKS, Woods, Keystone, , 58674, 780, , 929.7, -4185.4, 929.66003, -4185.39
WoodsMain.BehindWallOre, Woods, GorlekOre, , 58674, 26274, , 988.5, -4172.7, 988.50354, -4172.684
WoodsMain.LowerLeafPileEX, Woods, SpiritLight, 50, 58674, 42158, , 948.2, -4210.1, 948.0668, -4209.026
WoodsMain.MiddleLeafPileEX, Woods, SpiritLight, 50, 58674, 33893, , 951.0, -4168.8, 951.29, -4167.7886
WoodsMain.UpperLeafPileEX, Woods, SpiritLight, 100, 58674, 30908, , 967.4, -4141.8, 967.08997, -4141
WoodsMain.YellowWallEX, Woods, SpiritLight, 100, 58674, 59714, , 1069.2, -4099.4, 1069.1527, -4099.3555
WoodsMain.HiddenOre, Woods, GorlekOre, , 58674, 20713, , 1010.1, -4071.0, 1010.0652, -4070.9956
WoodsMain.HiddenEX, Woods, SpiritLight, 100, 58674, 54516, , 936.3, -4044.2, 936.2882, -4044.2256
WoodsMain.BelowKeystonesEX, Woods, SpiritLight, 50, 58674, 23186, , 941.8, -4185.9, 941.81433, -4185.8574
WoodsMain.BehindDoorRoofEX, Woods, SpiritLight, 100, 58674, 64057, , 968.6, -4123.3, 968.604, -4123.2627
WoodsMain.PetrifiedHowlEX, Woods, SpiritLight, 50, 58674, 17974, , 904.7, -4076.7, 904.6666, -4076.6702
WoodsMain.SpiritTrial, Woods, RaceStart, 1000, 44964, 22703, 2, 820, -4047, 819.55, -4045.1
WoodsMain.OverflowShard, Woods, Shard, Overflow, 23987, 25183, , 826.6, -3940.1, 826.62494, -3939.051
WoodsMain.CombatShrine, Woods, ShardSlot, , 58674, 29265, , 1361.1, -4064.0, 1361.1, -4063.04
WoodsMain.ShrineEX, Woods, SpiritLight, 100, 58674, 32647, , 1406.0, -4064.4, 1405.9546, -4064.3982
WoodsMain.FeedingGroundsEX, Woods, SpiritLight, 200, 58674, 64484, , 1464.3, -4007.6, 1464.3367, -4007.5527
LowerReach.BelowBaurEX, Reach, SpiritLight, 50, 28895, 55384, , -400.9, -4052.8, -400.88, -4052.8
LowerReach.AboveBaurLowerEX, Reach, SpiritLight, 50, 28895, 24533, , -416.2, -3967.8, -416.19, -3967.8
LowerReach.AboveBaurUpperEX, Reach, SpiritLight, 100, 28895, 3777, , -438.7, -3946.1, -438.7362, -3946.0852
LowerReach.IcefallOre, Reach, GorlekOre, , 28895, 58675, , -483.2, -3974.4, -483.2151, -3974.413
LowerReach.IcefallEX, Reach, SpiritLight, 200, 28895, 45337, , -500.3, -3969.6, -500.32178, -3969.5947
LowerReach.AboveDoorEX, Reach, SpiritLight, 50, 28895, 38143, , -337.4, -3999.1, -337.42447, -3999.0654
LowerReach.HiddenOre, Reach, GorlekOre, , 28895, 47529, , -345.7, -3946.6, -345.74002, -3946.64
LowerReach.LupoMap, Reach, Lupo, Reach, 48248, 29604, , -275, -3996, -275, -3996
LowerReach.MeltIceEX, Reach, SpiritLight, 100, 28895, 4301, , -350.0, -4038.9, -349.97156, -4038.8848
LowerReach.BurrowEX, Reach, SpiritLight, 50, 28895, 45066, , -330.6, -4051.7, -330.57, -4051.65
LowerReach.TPLeftEX, Reach, SpiritLight, 100, 28895, 36231, , -340.5, -3984.1, -340.5, -3984.111
LowerReach.BelowLupoEX, Reach, SpiritLight, 100, 28895, 38049, , -282.5, -4012.5, -282.5, -4012.5
LowerReach.BreakWallEX, Reach, SpiritLight, 200, 42178, 40609, , -194.0, -4042.6, -193.94995, -4042.6401
LowerReach.WindBottomEX, Reach, SpiritLight, 50, 28895, 35045, , -216.4, -4056.8, -216.43994, -4056.77
LowerReach.WindHiddenEX, Reach, SpiritLight, 50, 28895, 54373, , -204.5, -4011.0, -204.45996, -4010.98
LowerReach.HandToHandHat, Reach, QuestItem, Hat, 14019, 26318, 5, -244, -3989, -244, -3989
LowerReach.SnowballHC, Reach, HealthFragment, , 28895, 40744, , -190.0, -4016.8, -190.03845, -4015.8179
LowerReach.RoofLeftEX, Reach, SpiritLight, 200, 28895, 53283, , -111.6, -3949.6, -111.589966, -3949.62
LowerReach.RoofRightEX, Reach, SpiritLight, 50, 28895, 46711, , -71.5, -3951.3, -71.52429, -3951.3071
LowerReach.FractureShard, Reach, Shard, Fracture, 23987, 36359, , -81.2, -4000.7, -81.15991, -3999.6997
LowerReach.EscapeRevisitEX, Reach, SpiritLight, 200, 28895, 46404, , 69.5, -3730.0, 69.5, -3730.0
LowerReach.ForestsMemory, Reach, Wisp, Memory, 28895, 25522, , -31, -3711, -31, -3711
LowerReach.RightKS, Reach, Keystone, , 28895, 29898, , 34.1, -4024.8, 34.109863, -4024.8003
LowerReach.UpperLeftKS, Reach, Keystone, , 28895, 10823, , -83.6, -4024.8, -83.56006, -4024.8403
LowerReach.MiddleLeftKS, Reach, Keystone, , 28895, 37444, , -80.6, -4040.1, -80.55005, -4040.1401
LowerReach.BottomLeftKS, Reach, Keystone, , 28895, 18358, , -58.0, -4054.9, -58.03015, -4054.9102
LowerReach.TrialEX, Reach, SpiritLight, 100, 28895, 22761, , -38.7, -4017.7, -38.670044, -4017.73
LowerReach.SpiritTrial, Reach, RaceStart, 1000, 44964, 23661, 2, 75, -4046, 76.59375, -4035.2827
LowerReach.CatalystShard, Reach, Shard, Catalyst, 23987, 897, , -90.2, -4096.5, -90.165726, -4095.3179
LowerReach.HandToHandSoup, Reach, QuestItem, Soup, 14019, 26318, 4, -110, -4090, -110, -4090
UpperReach.LifeForceShard, Reach, Shard, Lifeforce, 23987, 19630, , -400.8, -3860.5, -400.7699, -3859.5312
UpperReach.LifeForceEX, Reach, SpiritLight, 100, 28287, 32414, , -423.2, -3876.4, -423.21375, -3876.4019
UpperReach.LowerKS, Reach, Keystone, , 28895, 1053, , -247.9, -3891.2, -247.87695, -3891.165
UpperReach.UpperKS, Reach, Keystone, , 28895, 50368, , -206.7, -3842.5, -206.73999, -3842.5005
UpperReach.MiddleLeftKS, Reach, Keystone, , 28895, 22382, , -231.5, -3868.9, -231.5, -3868.9
UpperReach.MiddleRightKS, Reach, Keystone, , 28895, 9949, , -184.3, -3867.7, -184.33997, -3867.69
UpperReach.SoupOre, Reach, GorlekOre, , 28895, 23795, , -202.6, -3885.4, -202.60999, -3885.4302
UpperReach.SwingPoleEX, Reach, SpiritLight, 100, 28895, 40089, , -193.7, -3854.4, -193.71997, -3854.3901
UpperReach.SwimEX, Reach, SpiritLight, 100, 28895, 40242, , -239.4, -3920.6, -239.36255, -3920.6006
UpperReach.LightBurstTree, Reach, Skill, LightBurst, 0, 51, , -106, -3934, -106.45276, -3928.5732
UpperReach.TreeOre, Reach, GorlekOre, , 28895, 39291, , -86.5, -3903.3, -86.392334, -3902.9707
UpperReach.WellEX, Reach, SpiritLight, 50, 28895, 7597, , -71.2, -3926.7, -71.150024, -3926.6802
UpperReach.SpringSeed, Reach, QuestItem, Seed, 14019, 32376, , -103.4, -3857.3, -34, -3924
UpperReach.HiddenEX, Reach, SpiritLight, 200, 28895, 2129, , -172.4, -3928.0, -172.36182, -3927.9844
UpperDepths.EntrySpikesEX, Depths, SpiritLight, 100, 18793, 19004, , 171.7, -4357.5, 171.74329, -4357.468
UpperDepths.EntryRoofEX, Depths, SpiritLight, 100, 18793, 15396, , 146.3, -4374.6, 146.26799, -4374.602
UpperDepths.EntryOre, Depths, GorlekOre, , 18793, 35351, , 185.5, -4379.4, 185.49295, -4379.406
UpperDepths.RightEntryKS, Depths, Keystone, , 18793, 1914, , 316.6, -4453.2, 316.56, -4453.2207
UpperDepths.LeftEntryKS, Depths, Keystone, , 18793, 58148, , 146.1, -4425.7, 146.07999, -4425.6797
UpperDepths.SwimEC, Depths, EnergyFragment, , 18793, 26618, , 135.1, -4456.0, 135.11, -4454.84
UpperDepths.TeleporterEX, Depths, SpiritLight, 100, 18793, 29979, , 480.8, -4380.4, 480.76, -4380.42
UpperDepths.LeftHealthKS, Depths, Keystone, , 18793, 53953, , 498.3, -4463.2, 498.3457, -4463.235
UpperDepths.RightHealthKS, Depths, Keystone, , 18793, 23986, , 523.8, -4465.1, 523.7621, -4465.0635
UpperDepths.LightcatcherSeed, Depths, QuestItem, Seed, 14019, 8192, , 488.0, -4431.6, 488.01028, -4431.5796
UpperDepths.BossPathEX, Depths, SpiritLight, 200, 18793, 18395, , 567.3, -4443.4, 567.33655, -4443.362
UpperDepths.KeystoneHC, Depths, HealthFragment, , 18793, 42235, , 530.9, -4451.7, 530.8901, -4450.72
UpperDepths.HiveEX, Depths, SpiritLight, 100, 18793, 6573, , 425.4, -4384.8, 425.41998, -4384.77
UpperDepths.ForestsEyes, Depths, Wisp, Eyes, 18793, 63291, , 687, -4386, 687, -4386
LowerDepths.RaceStartHC, Depths, HealthFragment, , 18793, 62694, , 496.4, -4498.2, 496.37314, -4497.1514
LowerDepths.SpiritTrial, Depths, RaceStart, 1000, 44964, 28552, 2, 478, -4517, 478.3, -4515.7
LowerDepths.BelowDoorOre, Depths, GorlekOre, , 18793, 836, , 437.0, -4507.1, 436.98193, -4507.07
LowerDepths.SpiritSurgeShard, Depths, Shard, SpiritSurge, 23987, 986, , 564.2, -4570.2, 564.18604, -4569.2515
LowerDepths.HandToHandSilk, Depths, QuestItem, Silk, 14019, 26318, 7, 317, -4508, 317, -4508
LowerDepths.CombatShrine, Depths, ShardSlot, , 18793, 31937, , 212.8, -4511.1, 212.81, -4510.07
LowerDepths.SwimEC, Depths, EnergyFragment, , 18793, 28175, , 324.7, -4534.8, 324.6847, -4533.8354
LowerDepths.LupoMap, Depths, Lupo, Depths, 48248, 48423, , 682, -4576, 682, -4576
LowerDepths.LeftEX, Depths, SpiritLight, 100, 18793, 2881, , 385.8, -4523.5, 385.8384, -4523.4575
LowerDepths.RightEX, Depths, SpiritLight, 200, 18793, 23799, , 798.7, -4513.1, 798.72, -4513.07
LowerDepths.FlashTree, Depths, Skill, Flash, 0, 62, , 776, -4541, 776.4115, -4536.4595
LowerWastes.WestTPOre, Wastes, GorlekOre, , 7228, 54494, , 1504.3, -4007.0, 1504.34, -4006.9902
LowerWastes.PurpleWallEX, Wastes, SpiritLight, 100, 7228, 56821, , 1534.1, -3996.6, 1534.09, -3996.6396
LowerWastes.SunsetViewEX, Wastes, SpiritLight, 100, 7228, 52086, , 1607.3, -3974.5, 1607.25, -3974.4702
LowerWastes.SpiritTrial, Wastes, RaceStart, 1000, 44964, 30767, 2, 1527, -4009, 1526.2, -4007.7002
LowerWastes.SandBridgeOre, Wastes, GorlekOre, , 20120, 46919, , 1657.9, -3972.7, 1657.88, -3972.6895
LowerWastes.EerieGemQI, Wastes, QuestItem, Gem, 14019, 58342, , 1640.4, -4004.1, 1640.4, -4004.1
LowerWastes.MuncherTunnelEC, Wastes, EnergyFragment, , 20120, 11785, , 1652.9, -4014.4, 1652.92, -4013.37
LowerWastes.SandPotHC, Wastes, HealthFragment, , 20120, 62264, , 1698.3, -3976.8, 1698.3113, -3975.7695
LowerWastes.SandPotEX, Wastes, SpiritLight, 100, 20120, 57781, , 1718.8, -3961.0, 1718.82, -3961
LowerWastes.MuncherPitEX, Wastes, SpiritLight, 100, 20120, 10397, , 1795.1, -3997.7, 1795.0698, -3997.7295
LowerWastes.BottomRightEX, Wastes, SpiritLight, 200, 20120, 224, , 1886.7, -3972.6, 1886.6628, -3972.5933
LowerWastes.BottomRightHC, Wastes, HealthFragment, , 20120, 12941, , 1859.5, -4020.9, 1859.4789, -4019.8506
LowerWastes.LastStandShard, Wastes, Shard, LastStand, 23987, 50364, , 1832.9, -3934.8, 1832.9, -3933.81
LowerWastes.LastStandEX, Wastes, SpiritLight, 200, 20120, 33275, , 1840.0, -3907.9, 1839.97, -3907.92
LowerWastes.MuncherClimbEX, Wastes, SpiritLight, 50, 20120, 57133, , 1765.0, -3921.5, 1765, -3921.5
LowerWastes.SkeetoHiveEX, Wastes, SpiritLight, 100, 20120, 8910, , 1642.1, -3944.1, 1642.1178, -3944.0781
LowerWastes.HandToHandMapstone, Wastes, QuestItem, Mapstone, 14019, 26318, 10, 1685, -3923, 1685, -3923
LowerWastes.LupoMap, Wastes, Lupo, Wastes, 48248, 61146, , 1647, -3899, 1647, -3899
LowerWastes.BurrowTree, Wastes, Skill, Burrow, 0, 101, , 1583, -3930, 1582.2701, -3924.0415
LowerWastes.BurrowTreeEX, Wastes, SpiritLight, 100, 20120, 19113, , 1600.9, -3953.7, 1600.9083, -3953.6802
LowerWastes.UpperPathEC, Wastes, EnergyFragment, , 20120, 50026, , 1778.3, -3873.8, 1778.3434, -3872.7769
LowerWastes.UpperPathEX, Wastes, SpiritLight, 100, 20120, 48829, , 1810.3, -3883.9, 1810.3274, -3883.9126
LowerWastes.UpperPathHiddenEX, Wastes, SpiritLight, 200, 20120, 17798, , 1861.5, -3873.0, 1861.5, -3873
LowerWastes.UpperPathHC, Wastes, HealthFragment, , 20120, 59046, , 1852.6, -3907.8, 1852.5974, -3906.812
LowerWastes.EastTPOre, Wastes, GorlekOre, , 20120, 40245, , 1930.1, -3878.0, 1930.075, -3877.9897
UpperWastes.LowerKS, Wastes, Keystone, , 7228, 20282, , 1877.0, -3843.5, 1877.01, -3843.5098
UpperWastes.UpperKS, Wastes, Keystone, , 7228, 62117, , 1822.9, -3768.1, 1822.88, -3768.0898
UpperWastes.TurmoilShard, Wastes, Shard, Turmoil, 23987, 48605, , 1778.5, -3782.6, 1778.5, -3781.6401
UpperWastes.KSDoorEX, Wastes, SpiritLight, 100, 7228, 35329, , 1907.4, -3805.7, 1907.404, -3805.7476
UpperWastes.LedgeEC, Wastes, EnergyFragment, , 20120, 22354, , 1948.9, -3777.6, 1948.85, -3776.6396
UpperWastes.MissileSpawnEX, Wastes, SpiritLight, 100, 20120, 30740, , 1951.5, -3838.9, 1951.5122, -3838.94
UpperWastes.PurpleWallEX, Wastes, SpiritLight, 100, 20120, 52812, , 2006.5, -3826.0, 2006.5366, -3826.0234
UpperWastes.PurpleWallHC, Wastes, HealthFragment, , 20120, 18965, , 2027.6, -3842.6, 2027.5658, -3841.6318
UpperWastes.RoofEX, Wastes, SpiritLight, 100, 20120, 2013, , 2026.3, -3728.9, 2026.2705, -3728.9238
UpperWastes.SpinLasersRightEX, Wastes, SpiritLight, 200, 7228, 54275, , 2006.2, -3725.4, 2006.21, -3725.4
UpperWastes.SpinLasersMiddleEX, Wastes, SpiritLight, 100, 7228, 48993, , 1947.8, -3729.6, 1947.77, -3729.5498
UpperWastes.SpinLasersLowerEX, Wastes, SpiritLight, 100, 7228, 61548, , 1935.2, -3755.1, 1935.16, -3755.1
UpperWastes.FlowersSeed, Wastes, QuestItem, Seed, 14019, 20601, , 1995.7, -3650.6, 1995.6826, -3650.5928
UpperWastes.WallOre, Wastes, GorlekOre, , 7228, 8370, , 1951.6, -3615.8, 1951.6055, -3615.8252
WindtornRuins.EscapeRevisitEC, Ruins, EnergyFragment, , 10289, 44555, , 2053.7, -4050.2, 2053.74, -4049.1924
WindtornRuins.Seir, Ruins, Wisp, Seir, 10289, 22102, , 2151, -3568, 2151, -3568
WindtornRuins.HandToHandComplete, Ruins, QuestItem, Secrets, 14019, 26318, 11, 1969, -4024, 1969, -4024
WeepingRidge.Ore, Woods, GorlekOre, , 36153, 3013, , 1305.5, -3732.6, 1305.48, -3732.58
WeepingRidge.LaunchTree, Woods, Skill, Launch, 0, 8, , 1363, -3815, 1362.97, -3809.77
WeepingRidge.SpikeClimbEX, Woods, SpiritLight, 200, 36153, 36521, , 1381.9, -3767.2, 1381.8734, -3767.157
WeepingRidge.PortalEX, Woods, SpiritLight, 200, 36153, 12077, , 1331.1, -3797.6, 1331.0848, -3797.5515
WillowsEnd.SpikesOre, Willow, GorlekOre, , 16155, 38979, , 557.0, -3876.3, 556.97656, -3876.315
WillowsEnd.EntryEX, Willow, SpiritLight, 200, 16155, 49381, , 469.5, -3914.6, 469.46002, -3914.6375
WillowsEnd.PoisonfallHC, Willow, HealthFragment, , 16155, 46270, , 410.8, -3972.5, 410.8423, -3971.4604
WillowsEnd.LupoMap, Willow, Lupo, Willow, 48248, 4045, , 474, -3859, 474, -3859
WillowsEnd.WindSpinOre, Willow, GorlekOre, , 16155, 9230, , 326.1, -3810.4, 326.07446, -3810.4468
WillowsEnd.RedirectEX, Willow, SpiritLight, 200, 16155, 55446, , 653.6, -3780.1, 653.57104, -3780.0996
WillowsEnd.UpperLeftEX, Willow, SpiritLight, 200, 36153, 23902, , 433.5, -3639.7, 433.44998, -3639.69
WillowsEnd.UpperRightEX, Willow, SpiritLight, 200, 36153, 3662, , 540.3, -3655.0, 540.25415, -3654.963
TwillenShop.Overcharge, Shop, Twillen, , 2, 1, , , , ,
TwillenShop.TripleJump, Shop, Twillen, , 2, 2, , , , ,
TwillenShop.Wingclip, Shop, Twillen, , 2, 3, , , , ,
TwillenShop.Swap, Shop, Twillen, , 2, 5, , , , ,
TwillenShop.LightHarvest, Shop, Twillen, , 2, 19, , , , ,
TwillenShop.Vitality, Shop, Twillen, , 2, 22, , , , ,
TwillenShop.Energy, Shop, Twillen, , 2, 26, , , , ,
TwillenShop.Finesse, Shop, Twillen, , 2, 40, , , , ,
OpherShop.WaterBreath, Shop, Opher, , 1, 23, , , , ,
OpherShop.Spike, Shop, Opher, , 1, 74, , , , ,
OpherShop.SpiritSmash, Shop, Opher, , 1, 98, , , , ,
OpherShop.Teleport, Shop, Opher, , 1, 105, , , , ,
OpherShop.SpiritStar, Shop, Opher, , 1, 106, , , , ,
OpherShop.Blaze, Shop, Opher, , 1, 115, , , , ,
OpherShop.Sentry, Shop, Opher, , 1, 116, , , , ,
OpherShop.ExplodingSpike, Shop, Opher, , 1, 1074, , , , ,
OpherShop.ShockSmash, Shop, Opher, , 1, 1098, , , , ,
OpherShop.StaticStar, Shop, Opher, , 1, 1106, , , , ,
OpherShop.ChargeBlaze, Shop, Opher, , 1, 1115, , , , ,
OpherShop.RapidSentry, Shop, Opher, , 1, 1116, , , , ,
LupoShop.HCMapIcon, Shop, Lupo, Glades, 15, 19396, 1, , , ,
LupoShop.ECMapIcon, Shop, Lupo, Glades, 15, 57987, 1, , , ,
LupoShop.ShardMapIcon, Shop, Lupo, Glades, 15, 41666, 1, , , ,
